sim_id,n_steps,e_pod,e_pod_final,e_pod_max,job_id,tol,Tcrit,Vf,mu,kk1,kk2,kappa,k1,p_fail_oof,d_fail,e_node_A,e_node_D,is_validation
0,69,0.1468475510077162,0.4209772073407032,0.4209772073407032,1,18.688,1.048,695735.362,0.214,1.86,1.019,0.318,4.468,0.3375604738151721,0.5790624080193403,,,False
1,61,0.125651682722296,0.2892344024512237,0.2892344024512237,2,25.772,1.105,580848.556,0.148,2.282,0.573,0.036,5.943,0.3673362761045541,0.5557401485245775,,,False
2,61,0.0862512850404338,0.1315864040923874,0.1545347805937902,3,20.185,1.047,535445.172,0.132,1.547,0.5,0.222,7.743,0.2058179200619005,0.7590571545807316,,,False
3,31,0.0565334569804623,0.0631958969205902,0.1304214175695885,4,19.863,1.103,236359.061,0.111,1.517,1.142,0.258,4.552,0.2541876115228509,0.6459664897592065,,,False
4,31,0.0689995215838964,0.0911336123607435,0.1304214175695885,5,17.694,1.108,266870.122,0.092,2.001,0.457,0.025,3.246,0.2663300051609861,0.5375311281793655,0.0933113640499596,0.0841936431447153,True
5,41,0.0856285068712191,0.0988538267052338,0.1423412226234589,6,17.171,1.197,395476.98,0.12,2.262,0.923,0.312,8.008,0.3426457278444301,0.6832061426072099,0.1395669077538496,0.1188205005094241,True
6,21,0.0531919471518343,0.0594892841100804,0.1304214175695885,7,16.533,1.166,161816.701,0.069,2.319,0.942,0.101,3.195,0.2072513587189235,0.8363273424423813,,,False
7,69,0.1174028605606537,0.2900437475961116,0.2900437475961116,8,28.587,1.193,673568.091,0.111,2.2,0.96,0.173,8.868,0.3566883829075974,0.7466758955454372,0.2757431930947702,0.2088966132976184,True
8,69,0.1777813079641861,0.6706864348324424,0.6706864348324424,9,29.567,1.174,687103.199,0.164,1.587,0.454,0.01,8.016,0.3959360302504425,0.5727157914747385,,,False
9,61,0.0950311131310299,0.2032293803751017,0.2032293803751017,10,16.705,1.149,580230.434,0.23,2.232,0.859,0.142,9.505,0.2501648270389909,0.7509382350142597,,,False
10,69,0.1126116018171543,0.235039187357311,0.235039187357311,11,29.255,1.18,622626.8,0.14,2.062,0.98,0.185,6.686,0.3689254956732686,0.6161465654107935,,,False
11,41,0.0647067227753768,0.1044436915930165,0.1304214175695885,12,21.578,1.038,371056.782,0.153,1.435,0.637,0.018,1.717,0.2405035611141974,0.7506199517852721,,,False
12,41,0.0681112855282954,0.0946665583892592,0.1304214175695885,13,18.534,1.098,376241.495,0.172,2.374,0.282,0.092,3.312,0.2017637857293938,0.6574469200354426,,,False
13,69,0.1633923612382558,0.4948117799490985,0.4948117799490985,14,15.651,1.118,699246.339,0.067,2.119,0.28,0.167,9.448,0.308518320585455,0.6844883017881966,0.24824555302205,0.2796072904109445,True
14,69,0.1020802772831145,0.2369099968302253,0.2369099968302253,16,23.486,1.158,666835.36,0.249,2.135,0.295,0.166,8.289,0.3204421292898355,0.7591459587288021,,,False
15,69,0.1575298624546567,0.3912463965507766,0.3912463965507766,17,26.133,1.065,657786.988,0.164,1.206,0.584,0.314,1.137,0.231788074129855,0.7038188636815204,,,False
16,41,0.0668463522719104,0.0908397310886006,0.1304214175695885,18,27.286,1.013,305101.353,0.247,1.807,1.036,0.228,8.758,0.3315447107248448,0.6641218117869587,,,False
17,31,0.073407642119007,0.0899609174299167,0.1304214175695885,19,16.566,1.087,217286.228,0.194,2.117,0.648,0.002,9.411,0.2488101327438348,0.6820439192587006,,,False
18,21,0.0380138429142895,0.0338694619979152,0.1304214175695885,20,21.986,1.024,103090.787,0.219,2.158,1.005,0.216,2.086,0.2165882085878062,0.6621404020071743,,,False
19,69,0.1668275143608281,0.3962581214348689,0.3962581214348689,21,15.023,1.152,630638.912,0.199,1.707,0.89,0.131,5.998,0.197576510946176,0.634810433552311,,,False
20,31,0.0465122145784845,0.0547940612665331,0.1304214175695885,22,20.693,1.159,236920.156,0.101,1.292,0.445,0.222,2.914,0.2114792622248503,0.5283886676799433,,,False
21,51,0.0848021000835244,0.1317506996117039,0.1655399112888562,23,24.499,1.199,420933.652,0.158,1.322,0.444,0.239,7.252,0.3683672200544756,0.4041171985488538,,,False
22,21,0.0454849951871215,0.0549464362749677,0.1304214175695885,24,22.786,1.119,197530.276,0.225,0.966,0.645,0.268,8.7,0.2024568255352005,0.4720602120102555,,,False
23,21,0.0536202159724649,0.0640960178284054,0.1304214175695885,25,19.135,1.149,161240.205,0.127,1.407,0.372,0.025,6.307,0.4115322410690047,0.5796955319255761,,,False
24,41,0.0789186004004197,0.1133942599046055,0.1304214175695885,26,18.35,1.15,330819.483,0.075,1.67,0.287,0.087,6.418,0.4531465739628796,0.5401713225420258,,,False
25,69,0.1276858188921009,0.2794517095197872,0.2822363410903257,27,29.611,1.099,669822.655,0.17,1.431,0.665,0.111,5.781,0.2909045606917386,0.7471135751690627,,,False
26,41,0.0931764156943307,0.1112316802646376,0.1304214175695885,28,15.772,1.085,391852.008,0.143,1.916,1.03,0.28,1.227,0.1667175063137294,0.6933531568132248,,,False
27,61,0.1149438481799238,0.2225400054110333,0.2509063277124103,29,24.799,1.168,522126.255,0.099,1.672,0.615,0.023,1.171,0.3434407840866976,0.4876047617682039,,,False
28,61,0.098013305227686,0.1438727375627077,0.1735052365268558,30,20.087,1.043,505610.304,0.153,1.708,0.378,0.219,1.891,0.1776845682167663,0.5917950647995703,,,False
29,61,0.104381506758758,0.1749696900869623,0.1749696900869623,31,23.856,1.093,525769.723,0.182,2.227,1.154,0.268,1.65,0.3098491421822982,0.5444759098787958,,,False
30,61,0.08725969427819,0.1557712177546328,0.1700662474814664,32,18.221,1.038,548953.4,0.197,1.05,0.344,0.189,9.881,0.1885881711548528,0.7661833286235665,,,False
31,61,0.1053401043563289,0.2851517593699649,0.2851517593699649,33,21.482,1.169,586232.785,0.091,2.207,1.127,0.099,3.467,0.4021612428993963,0.6196534327710592,0.1806812794201214,0.1717168003606818,True
32,31,0.0492342647900839,0.061051006931213,0.1304214175695885,34,20.849,1.191,277393.047,0.071,1.754,0.748,0.213,3.04,0.251030768566669,0.6424765914165044,,,False
33,69,0.1205235482526728,0.2084360438939189,0.2166897924649085,36,20.062,1.121,615695.62,0.18,1.172,0.403,0.278,7.67,0.238054858607496,0.6022949808987568,,,False
34,51,0.0908381978687018,0.1444217349860654,0.145124420709088,37,26.123,1.131,402703.207,0.168,2.342,0.663,0.085,2.649,0.223458004626948,0.7095879183572574,,,False
35,31,0.0463284787825002,0.0523458782835349,0.1304214175695885,38,18.995,1.059,210400.81,0.188,1.261,0.332,0.205,6.528,0.2222383805645953,0.578552967037653,0.0665246658563944,0.1166670025956306,True
36,69,0.1130056911231401,0.2171967625092581,0.2767592419151153,39,22.544,1.006,643737.703,0.126,2.113,0.609,0.1,9.307,0.2624078621670146,0.5289836714092694,0.2256272635124705,0.3436379217355586,True
37,21,0.037443400790856,0.0392243285289803,0.1304214175695885,41,25.231,1.067,130372.05,0.174,1.486,0.828,0.232,2.823,0.2243818660634021,0.4873657995301446,,,False
38,61,0.1106685172757305,0.2380482830332554,0.2380482830332554,42,22.297,1.143,510016.487,0.1,1.711,0.707,0.069,4.881,0.3839169108948394,0.4011811510583686,,,False
39,21,0.0487875515905095,0.0573388730422003,0.1304214175695885,43,26.618,1.151,145646.26,0.144,1.939,0.27,0.282,8.739,0.3300207277266689,0.6985811502027306,,,False
40,69,0.117266570675477,0.2284075029041324,0.2284075029041324,44,17.848,1.061,625155.044,0.063,2.351,0.493,0.265,4.783,0.3053819590007198,0.7172565152983166,,,False
41,21,0.0629154662572843,0.0681663915206957,0.1304214175695885,45,19.172,1.11,193665.467,0.069,1.073,1.012,0.313,7.919,0.3571244083581307,0.4519997270720088,0.0955016681540614,0.0976871011095426,True
42,31,0.0497456789935301,0.0644889716682194,0.1304214175695885,46,19.358,1.004,226993.448,0.107,1.467,1.061,0.225,6.389,0.2724633579396899,0.7528311494487973,,,False
43,41,0.0729346972707169,0.275990160304643,0.275990160304643,47,23.568,1.004,375023.364,0.238,1.895,0.348,0.214,7.429,0.3015661754974621,0.5899828606493014,,,False
44,69,0.1151670566211419,0.2523305933059522,0.2523305933059522,48,25.22,1.113,654656.852,0.168,1.037,0.666,0.16,1.961,0.1938150628734825,0.6720499808574792,,,False
45,69,0.1025168806951025,0.2772628903410228,0.2772628903410228,49,23.796,1.116,694823.897,0.198,1.935,0.411,0.179,9.239,0.2248817952643437,0.7938141034295123,,,False
46,61,0.0969930315543082,0.1790818711878776,0.2285699566534646,50,24.655,1.041,595566.164,0.195,1.204,0.871,0.117,2.15,0.1994799961690991,0.7348945274346501,,,False
47,21,0.0317232888284743,0.034997198632661,0.1304214175695885,51,20.605,1.06,135393.907,0.201,1.202,1.112,0.062,2.792,0.1893560542204138,0.7471157031687917,,,False
48,41,0.075735103136626,0.2420838183476815,0.2420838183476815,52,25.079,1.005,360820.997,0.129,1.217,0.624,0.251,9.099,0.2751005142235376,0.7598058692095814,0.19933185834546,0.1880589839456216,True
49,69,0.1120532404035986,0.1764667125820738,0.2321320750698823,53,25.317,1.051,610646.694,0.204,1.98,1.179,0.178,6.455,0.3264346810726611,0.6006488032150753,,,False
50,21,0.0428793468134029,0.0468869202803752,0.1304214175695885,54,17.853,1.169,152275.171,0.19,1.978,0.271,0.202,6.76,0.2009682654538449,0.6595293625103608,0.072729787623677,0.0581664623915504,True
51,69,0.132970072833861,0.2740116474454276,0.2740116474454276,55,20.142,1.102,616357.909,0.193,1.316,0.579,0.074,9.68,0.2446570343530305,0.6592093656326563,,,False
52,21,0.0268265898377811,0.0259210095103576,0.1304214175695885,57,23.671,1.185,126010.233,0.212,1.075,0.605,0.109,5.128,0.2723387565079974,0.7443966242585133,0.0426259766720906,0.0596158695042467,True
53,61,0.1192622916483057,0.2258021545003873,0.2602225754916429,58,19.716,1.177,591685.62,0.229,2.302,0.59,0.084,4.708,0.3348047027413249,0.6935799135255151,,,False
54,41,0.0703501093505495,0.0936658154335251,0.1304214175695885,59,21.968,1.129,369655.223,0.21,1.419,0.77,0.279,9.963,0.3132240546845369,0.5475627449666861,0.0943208981055235,0.1131921132387221,True
55,51,0.0988345399439735,0.1589240103898805,0.1694020117520684,60,26.892,1.073,493371.45,0.195,2.183,0.863,0.192,5.239,0.3102267470536535,0.3944389952548761,0.1651552485245633,0.1635490809376066,True
56,21,0.0529668396006026,0.0646018165547531,0.1304214175695885,61,29.599,1.128,171513.006,0.209,2.211,0.475,0.204,3.66,0.2189661144451631,0.6364371497807716,,,False
57,41,0.0801105675110607,0.0911509917971098,0.1304214175695885,63,21.628,1.104,321287.758,0.053,1.743,0.975,0.316,1.997,0.276079048650448,0.7003732019886971,0.1565239046334538,0.1192983226060425,True
58,41,0.0849601245834829,0.1495822460926382,0.1627676347809722,64,24.605,1.185,368153.316,0.236,1.632,0.44,0.003,7.521,0.4104414653400346,0.6422066483631905,,,False
59,51,0.0744508610273183,0.1204902558513837,0.1304214175695885,65,23.276,1.078,445577.199,0.231,1.315,0.85,0.047,2.526,0.183429253322057,0.8397476958750697,,,False
60,41,0.0731356321619538,0.0948832345263214,0.1304214175695885,66,18.544,1.022,301176.427,0.079,1.497,0.668,0.102,6.929,0.4319327372138329,0.4821044665884443,,,False
61,31,0.0660836171009027,0.074237406568442,0.1304214175695885,67,20.799,1.058,222616.001,0.235,1.973,0.619,0.258,1.579,0.1354335711058111,0.5669606341632998,,,False
62,61,0.1201731562685976,0.1808262453328286,0.3271326753108912,68,19.512,1.004,574018.41,0.184,1.815,0.48,0.119,3.51,0.1946143631877363,0.706523257792172,,,False
63,41,0.0803477443165516,0.1070398311076981,0.1304214175695885,69,19.975,1.181,340302.464,0.079,2.314,0.425,0.141,4.828,0.3819078619917753,0.6502614119274054,,,False
64,31,0.0580656198915841,0.0650949698169541,0.1304214175695885,70,16.685,1.095,276000.554,0.197,1.442,0.668,0.13,2.098,0.1432993716935742,0.7330086083324329,,,False
65,51,0.0836834183653172,0.1181109436973553,0.1304214175695885,71,27.025,1.026,433171.584,0.149,1.867,1.051,0.221,8.588,0.334865866056894,0.5091596113054312,,,False
66,41,0.0578534105730054,0.0788848693623844,0.1304214175695885,72,21.509,1.109,308282.343,0.238,1.963,0.793,0.152,3.667,0.2221527471584947,0.6075918844730639,,,False
67,69,0.1922533484231219,0.6179313124707376,0.6179313124707376,73,17.702,1.169,611478.97,0.148,2.012,0.507,0.014,6.467,0.5860358068460936,0.3877613651414269,,,False
68,21,0.0529351582160354,0.0598111195473124,0.1304214175695885,74,27.923,1.083,179485.509,0.105,1.693,0.301,0.137,4.509,0.240535101242365,0.7087302199515988,,,False
69,51,0.0830452411713463,0.1453971788261232,0.1453971788261232,76,27.806,1.16,428068.766,0.132,1.794,0.353,0.011,4.211,0.5049685142046854,0.6374280064589991,,,False
70,69,0.1143799061090588,0.2753837223872841,0.2753837223872841,77,29.085,1.047,696817.164,0.16,1.278,1.199,0.291,6.836,0.3450026002741512,0.524306834322897,,,False
71,61,0.1086196304931419,0.2186032713261971,0.2186032713261971,78,15.76,1.13,579854.09,0.231,1.422,0.293,0.212,8.334,0.155540993959867,0.7977005398542958,,,False
72,31,0.0484139548559689,0.0621651692908609,0.1304214175695885,79,18.886,1.042,229196.143,0.19,1.424,0.891,0.18,8.655,0.2087011819467404,0.5915138583146436,,,False
73,61,0.0854006952267579,0.1240582775103525,0.1496548685090802,80,28.052,1.095,542959.634,0.188,2.367,0.775,0.111,9.299,0.2553580062087222,0.737905903398221,,,False
74,51,0.0862877192633877,0.1609048715805694,0.1626609534896128,81,21.954,1.086,470532.225,0.229,1.82,1.189,0.077,8.884,0.2730374497058088,0.795840611571597,0.1285404982565355,0.143027002920274,True
75,31,0.0489302187882138,0.0613624251494911,0.1304214175695885,82,21.231,1.122,256297.97,0.209,1.882,0.954,0.126,3.894,0.2171096177481032,0.697968328704243,0.0657688530049677,0.0641966219254509,True
76,61,0.1002280359857208,0.2302727878280428,0.2302727878280428,83,23.536,1.126,587315.182,0.086,1.933,0.658,0.048,2.834,0.314835623193523,0.4303710221568462,,,False
77,69,0.1257184161028831,0.3022473250820882,0.3022473250820882,84,16.55,1.088,638211.246,0.157,2.009,0.528,0.17,9.415,0.1604934882400105,0.6595874377780588,,,False
78,61,0.1115910356020892,0.2133256088036457,0.2303414450847077,85,26.099,1.019,570328.402,0.055,1.93,0.874,0.049,1.856,0.4081060659704373,0.4486496075609277,0.1877555000042245,0.21665796993665,True
79,51,0.0862841945126044,0.1217653758853448,0.1413744832803579,86,19.265,1.014,423135.028,0.168,1.259,1.195,0.025,2.714,0.2170445607264937,0.652426109199534,0.1881957881630579,0.2052707644110692,True
80,31,0.0576225674335183,0.0635135126983311,0.1304214175695885,87,25.943,1.093,204650.59,0.164,1.762,0.461,0.027,4.888,0.2911047578567262,0.6068079992095717,,,False
81,21,0.0347456463408799,0.0304733704023885,0.1304214175695885,91,26.954,1.015,100743.636,0.136,1.195,0.536,0.241,9.73,0.3287106451903501,0.785883220969074,,,False
82,69,0.1275658227330906,0.2549526263819303,0.2549526263819303,92,28.686,1.041,609241.206,0.214,1.881,0.701,0.317,9.661,0.3559132416221389,0.661678465441477,,,False
83,31,0.0582343059994976,0.0758790722722652,0.1304214175695885,94,28.414,1.002,219914.902,0.22,1.516,1.039,0.162,6.357,0.3871824713268173,0.559415932531039,,,False
84,21,0.0516367943556634,0.0597834822775622,0.1304214175695885,95,17.666,1.07,183306.117,0.198,1.832,0.836,0.023,5.026,0.2115719882146896,0.6843681212889199,,,False
85,21,0.0581642334975004,0.0547359942705302,0.1304214175695885,96,17.349,1.041,194370.789,0.179,1.834,0.885,0.242,3.522,0.1297459898727996,0.4493410175148477,0.0747775052634302,0.1056430687489612,True
86,69,0.104448511285453,0.2444010077015168,0.2444010077015168,97,28.199,1.019,669030.283,0.112,2.372,0.326,0.148,1.562,0.2401572531657131,0.8244193108533928,,,False
87,61,0.1355892303665047,0.2203978090104458,0.3508180175687275,98,21.216,1.001,521230.778,0.221,1.552,0.865,0.034,1.479,0.2261656513428194,0.8324473973171073,,,False
88,31,0.0464554877654648,0.0533639740171187,0.1304214175695885,99,22.358,1.123,236163.218,0.135,0.997,0.262,0.25,4.341,0.1383187160977734,0.5952162834728105,,,False
89,69,0.1242483728839262,0.2101768054852651,0.2384193892356932,100,26.838,1.007,649514.07,0.242,1.888,0.439,0.119,1.967,0.1870025582977728,0.6708632009915297,,,False
90,41,0.0665823189105589,0.1090615367981286,0.1304214175695885,101,28.111,1.121,368421.178,0.16,2.016,1.04,0.105,7.4,0.3311497392701139,0.531900375642122,0.1178208689368394,0.0869496726616843,True
91,69,0.1377616773113244,0.2762340559833325,0.3081404350897355,102,20.564,1.095,631114.538,0.225,1.086,0.396,0.031,4.062,0.2293239176097288,0.954315222750755,0.203211287504295,0.3734830882259384,True
92,69,0.13832636712083,0.3805434445253045,0.3805434445253045,103,18.408,1.08,667476.45,0.167,2.397,0.572,0.052,8.213,0.2800219426879895,0.5735781983195333,,,False
93,31,0.0453147013510655,0.0531494342798393,0.1304214175695885,104,22.246,1.166,263968.912,0.091,1.416,0.592,0.016,1.47,0.3464045964108476,0.6832153976668932,,,False
94,69,0.1404336329681379,0.3728809884129159,0.3728809884129159,105,16.063,1.045,682044.088,0.199,1.186,0.49,0.162,8.425,0.2000849348217479,0.7716383837722173,,,False
95,51,0.0767630881947674,0.1018083837241738,0.1348831462087676,106,17.321,1.176,431997.279,0.095,2.137,0.315,0.189,6.634,0.3324452577020942,0.7011036562177346,,,False
96,61,0.118971916618586,0.1997221929959063,0.2185168339254629,107,19.737,1.116,532774.957,0.209,1.904,0.694,0.056,7.057,0.3151527229611783,0.6204785531563489,,,False
97,41,0.0702478145343097,0.1004799638383373,0.1304214175695885,108,27.327,1.179,356258.647,0.085,1.391,0.779,0.035,3.002,0.4182542319789067,0.3641710860325747,,,False
98,69,0.1492866756965603,0.2670357234849691,0.2777380226689541,109,26.645,1.164,680024.616,0.213,1.437,0.482,0.314,7.399,0.4861659885077958,0.4479613890472979,,,False
99,51,0.0885142538255797,0.1387026225114714,0.1632852710772065,110,23.371,1.105,473000.342,0.233,0.995,0.901,0.283,5.918,0.3416382395948741,0.4330291682764673,,,False
100,21,0.0559690293583857,0.059888507480727,0.1304214175695885,111,27.855,1.07,174409.267,0.249,1.328,0.633,0.012,8.118,0.3996062585206567,0.7203241918667429,0.0751516115570132,0.0978197479697878,True
101,61,0.1057181815849798,0.1401499275616539,0.2611018536564717,113,26.981,1.006,528697.206,0.165,1.801,0.485,0.028,1.315,0.2712909505073893,0.6734679527651312,,,False
102,63,0.138455593371749,0.3018523166369068,0.3289735586894869,114,26.34,1.003,668276.487,0.245,1.575,0.791,0.244,5.69,0.3565569052348232,0.2918619297309164,,,False
103,21,0.0318555334356957,0.0282186700164422,0.1304214175695885,115,25.611,1.186,108664.175,0.244,1.044,0.876,0.111,4.918,0.299752661645365,0.9455358659321352,0.0486298347682581,0.0488214824376047,True
104,51,0.0954633656240685,0.1341537030209395,0.168381149576157,116,25.48,1.157,462314.586,0.205,1.525,0.577,0.292,1.93,0.2585087173553563,0.5446641225583987,,,False
105,51,0.0813304035556749,0.1008735653478085,0.1354642607702139,117,19.66,1.04,426187.913,0.197,1.843,0.792,0.135,9.365,0.2202521907166308,0.7145000842683363,,,False
106,61,0.1409249706478682,0.1964724064256063,0.2696713546318474,118,15.01,1.014,510656.304,0.24,2.16,0.942,0.088,1.112,0.1906986510521145,0.8062986205522665,,,False
107,21,0.0369540955355851,0.0358022431760937,0.1304214175695885,119,19.626,1.026,125057.716,0.159,2.098,0.494,0.146,2.254,0.136963482748848,0.8578693043513157,,,False
108,51,0.0716180995278814,0.1002118924550989,0.1304214175695885,120,24.419,1.046,474050.331,0.139,1.362,0.312,0.18,6.287,0.2574193941113903,0.6923379733571766,,,False
109,69,0.120571639477991,0.3215308307302955,0.3215308307302955,121,19.103,1.1,659023.446,0.168,1.913,0.265,0.115,3.352,0.2037070627889032,0.628770146009271,,,False
110,31,0.0571081825922449,0.0688293978717028,0.1304214175695885,122,16.589,1.05,235062.829,0.08,2.329,0.521,0.117,2.554,0.1439372444465785,0.6647354007373125,,,False
111,31,0.0516895898420067,0.0571026540320572,0.1304214175695885,123,22.829,1.151,273998.331,0.122,1.645,0.419,0.286,7.756,0.2558329888654862,0.452712339834695,,,False
112,41,0.0687046981210485,0.0877858694288308,0.1304214175695885,124,25.575,1.158,327285.257,0.1,1.986,0.412,0.278,6.894,0.3675297991790426,0.6568086393837398,,,False
113,61,0.0989526437958115,0.175582509065322,0.175582509065322,125,25.177,1.103,541543.089,0.182,1.644,1.138,0.233,1.31,0.1727833583754685,0.6026668079066901,,,False
114,51,0.080311637831471,0.1028478764474546,0.1397960106825803,126,19.141,1.033,429935.671,0.169,1.746,0.305,0.161,5.079,0.215693763709241,0.718052866868249,,,False
115,21,0.0475422082214174,0.0543862584920529,0.1304214175695885,127,18.982,1.005,125636.34,0.157,1.276,0.916,0.192,1.403,0.2119594130554663,0.7199340045229331,,,False
116,51,0.0853709671570706,0.1852885358767739,0.1853640313824838,128,22.327,1.172,440961.891,0.218,1.339,0.847,0.051,5.813,0.3813065773926565,0.6526556655291391,,,False
117,69,0.1173614267552125,0.2183959489236958,0.2268193278928885,129,19.416,1.026,658365.252,0.134,1.541,0.404,0.202,1.62,0.1575317944758806,0.7699227568749023,0.1641596414857583,0.3148696923498022,True
118,31,0.0545092328639013,0.0703146694195452,0.1304214175695885,130,19.313,1.037,219189.238,0.089,1.43,0.988,0.176,3.808,0.2333068632416773,0.4830989510392883,,,False
119,41,0.0680061300298153,0.0990376480109561,0.137414627955014,131,20.754,1.073,380935.612,0.106,1.153,0.267,0.223,6.772,0.3201122431068685,0.7181686601317526,,,False
120,61,0.1275951966738065,0.1976288734949296,0.3495855019828072,132,21.118,1.003,537701.864,0.21,1.179,0.813,0.214,2.445,0.2141253421965548,0.5733370164438046,,,False
121,41,0.067959510795042,0.0730036482449781,0.1304214175695885,133,16.512,1.172,335648.102,0.243,1.915,0.249,0.227,4.224,0.2093144004409146,0.6722471187174207,,,False
122,51,0.0974811894181362,0.1275880420552066,0.1825276784789978,134,29.786,1.091,478144.306,0.25,1.308,0.566,0.245,8.389,0.3015078696315974,0.6894159187913103,,,False
123,41,0.0669044008275497,0.0891213266063852,0.1304214175695885,135,24.422,1.031,318652.245,0.239,1.033,0.679,0.29,7.768,0.3044158500900675,0.4527955613138592,,,False
124,41,0.0606351841574166,0.0859939473258514,0.1304214175695885,136,25.212,1.057,300464.057,0.169,2.197,0.258,0.028,3.73,0.2713191557429813,0.656089755708221,,,False
125,61,0.099823867439206,0.131455653126708,0.174443361100107,137,28.597,1.117,512478.708,0.212,1.353,1.114,0.281,1.609,0.2763458290116856,0.5708218111916125,,,False
126,41,0.0961646730412784,0.1515089479818472,0.1515089479818472,138,17.469,1.025,361703.846,0.205,2.135,0.837,0.326,8.447,0.45197450666686,0.5904359756361678,,,False
127,41,0.0539650063503772,0.088292787502021,0.1304214175695885,139,23.74,1.035,350788.959,0.125,1.938,1.014,0.175,9.845,0.2905022205773145,0.5318920379943193,,,False
128,51,0.0869365306375267,0.1288227774201616,0.1775224680790404,140,16.38,1.056,492817.458,0.09,2.318,0.611,0.17,7.096,0.2443003167493558,0.4561116860226758,,,False
129,21,0.0680398416225825,0.0741180875279409,0.1304214175695885,141,15.301,1.088,135688.511,0.169,2.18,0.641,0.092,8.718,0.1780958956626864,0.7579820643696387,,,False
130,61,0.146086297202959,0.1884020335736735,0.3130797652526735,142,15.068,1.004,500042.665,0.091,1.378,0.31,0.058,3.678,0.3355193221187974,0.6578277853079301,,,False
131,41,0.0678425802241093,0.0992092312016022,0.1304214175695885,143,18.282,1.119,366444.211,0.057,2.004,0.818,0.165,4.54,0.368913703325305,0.6987069243530172,0.0926474007154155,0.0884565099001462,True
132,41,0.0738322672924153,0.098736857456521,0.1304214175695885,144,16.483,1.068,389407.061,0.17,0.999,0.719,0.144,2.359,0.1137939972211138,0.8028482768574166,,,False
133,21,0.0463062450670471,0.0432120345858624,0.1304214175695885,145,26.816,1.137,109398.726,0.122,2.39,0.564,0.136,9.184,0.2195456313339701,0.3940430022073894,,,False
134,41,0.0861053750766043,0.1701430846987989,0.1701430846987989,146,21.102,1.132,366319.792,0.211,2.368,1.122,0.063,9.281,0.2398759803882297,0.6164433033305191,0.1129634415462014,0.132144916291274,True
135,61,0.0984962604749344,0.1658272758757737,0.1966411937708265,147,24.935,1.126,518633.074,0.11,2.172,0.766,0.091,2.383,0.2106876284641454,0.5607389130661553,,,False
136,51,0.0940926125240178,0.1293190454404587,0.1609972035333021,148,26.676,1.069,444557.656,0.133,1.792,0.488,0.28,6.95,0.2849682092137536,0.7599891233959646,,,False
137,69,0.1732944364843102,0.3092871555651857,0.4683831492931909,149,18.456,1.0,656315.559,0.115,2.27,0.431,0.284,6.296,0.3080392618836788,0.8108330418921875,,,False
138,61,0.1020790569774999,0.1522223388561626,0.172830556470757,150,29.713,1.078,508192.161,0.084,2.156,0.568,0.122,1.946,0.2803652821707103,0.607962283090531,0.1832653451144077,0.2341843248396991,True
139,41,0.0807300738409104,0.2097296593520444,0.2097296593520444,151,20.013,1.013,387111.453,0.216,1.942,0.783,0.231,2.696,0.2092452924412182,0.3059263898452121,,,False
140,31,0.0701798605666872,0.1397032643865827,0.1397032643865827,152,27.714,1.005,271742.22,0.116,2.399,0.771,0.074,7.05,0.3911984975950244,0.4360955498911704,,,False
141,51,0.0802838314637744,0.0950191745967361,0.1304214175695885,153,28.143,1.159,415307.997,0.12,1.225,1.099,0.267,1.626,0.2323442484365978,0.8078667042256038,,,False
142,41,0.0699265680070103,0.0974843817152826,0.1407679594381659,154,23.502,1.19,395828.525,0.117,0.97,1.141,0.296,9.998,0.337459169542179,0.6631642421442605,,,False
143,31,0.0671434815524774,0.0803504374402937,0.1304214175695885,155,29.171,1.167,299497.031,0.108,1.38,0.606,0.118,3.081,0.2869843287960288,0.5979485532391731,,,False
144,61,0.1003321771079321,0.1997171474104005,0.1997171474104005,156,24.687,1.152,560983.072,0.164,1.4,0.923,0.201,5.379,0.3123524090050138,0.4611099716497573,,,False
145,69,0.1340282006789265,0.2875665987959195,0.2875665987959195,157,19.557,1.193,628965.751,0.139,2.075,0.877,0.199,1.686,0.2396321249996673,0.450551690263194,0.2486736858727036,0.3445067470378578,True
146,21,0.0352558532387123,0.0338646638343266,0.1304214175695885,158,20.399,1.154,115318.486,0.228,2.388,1.095,0.084,9.692,0.2890897015031832,0.7482631139592145,,,False
147,31,0.0484010641334415,0.056271523260074,0.1304214175695885,159,18.062,1.045,214331.45,0.138,1.473,1.194,0.203,5.595,0.1745313272570071,0.6872428608704549,0.0769828917107098,0.1167667698400448,True
148,51,0.1130955491876856,0.1252848388590491,0.1715783751230059,160,15.513,1.127,400905.728,0.105,1.136,0.698,0.317,4.264,0.2252283022181239,0.5744267532873559,,,False
149,21,0.0303346332773248,0.0290132471433627,0.1304214175695885,161,21.033,1.128,117940.412,0.135,1.521,0.773,0.019,2.204,0.2754577755858339,0.5778852178375578,,,False
150,51,0.1362009063278388,0.2200274943289851,0.2207750281949287,162,16.125,1.086,432847.004,0.103,2.374,0.684,0.002,5.576,0.4235647268158047,0.4608622828130613,,,False
151,41,0.0805741709570468,0.090283661571346,0.1304214175695885,163,18.004,1.168,354080.742,0.075,2.097,0.58,0.29,1.418,0.2217611533438803,0.6487353967066688,,,False
152,61,0.0956265988657879,0.1978275671514519,0.2055844363551765,164,23.3,1.194,592906.473,0.239,1.728,0.952,0.225,8.198,0.3329797197054233,0.5920705493882691,,,False
153,51,0.1017397347883725,0.1567186584507816,0.1603437511268781,165,19.569,1.065,448702.29,0.242,1.927,0.867,0.3,3.571,0.264235965345108,0.3038247311579256,,,False
154,51,0.0716959029568332,0.090712544455237,0.1304214175695885,166,18.799,1.033,425730.68,0.21,2.054,1.077,0.114,5.169,0.259662002915311,0.5598368124131886,,,False
155,51,0.1083811286469931,0.2087181677766205,0.2087181677766205,167,16.72,1.179,419635.068,0.119,1.413,1.116,0.076,6.913,0.3770683100819225,0.327687765276849,,,False
156,41,0.0752363256843017,0.0821849744081048,0.1304214175695885,168,17.367,1.075,317562.428,0.237,1.174,1.149,0.266,3.219,0.2025137294100192,0.5700986714523384,,,False
157,21,0.043669148169321,0.0487327448209125,0.1304214175695885,169,20.16,1.19,198587.048,0.124,2.229,1.094,0.254,5.342,0.3038796590273748,0.6786923016893441,,,False
158,31,0.07633845516243,0.088578721873157,0.1304214175695885,170,22.5,1.075,263567.502,0.096,1.607,0.546,0.333,7.798,0.4662176023934269,0.5414330164384198,,,False
159,21,0.0490413771820239,0.0584365663993289,0.1304214175695885,171,28.823,1.2,158000.567,0.249,1.716,0.384,0.2,5.725,0.2983744732254502,0.5543757967020505,,,False
160,51,0.1066715370581278,0.1363934215206207,0.1603452539423897,172,16.16,1.143,431677.581,0.2,2.385,0.622,0.312,7.073,0.2279152046585063,0.6304666111323839,,,False
161,61,0.0874859355140011,0.1657644103958166,0.1657644103958166,174,23.833,1.112,531073.622,0.088,1.955,1.103,0.204,2.271,0.2824222253302106,0.4584169075234893,0.1404267734924977,0.212866769495616,True
162,21,0.0659294413605813,0.0804691117095544,0.1304214175695885,175,25.999,1.036,177291.509,0.06,1.849,0.888,0.307,1.33,0.2651699541677458,0.7660542286302047,0.1382217001291883,0.1196125783482479,True
163,41,0.0750448712841579,0.1099186618361437,0.1304214175695885,176,28.791,1.081,372454.131,0.168,1.055,0.795,0.175,6.483,0.2832590904448024,0.7139336832851972,,,False
164,21,0.048094706982345,0.0519021402058475,0.1304214175695885,177,17.206,1.013,182146.056,0.076,1.691,0.886,0.266,6.248,0.2594412483253631,0.6832428466776123,0.0914033113974259,0.1354116780708137,True
165,31,0.0723350872459684,0.1337088387459673,0.1363748650686311,178,26.17,1.002,254949.847,0.125,1.193,0.875,0.032,6.789,0.3477412783515694,0.4705739840869912,,,False
166,69,0.1272137679298082,0.2040038353350562,0.2486036769542584,179,26.966,1.048,613913.037,0.248,1.993,0.824,0.098,2.842,0.2447842017957025,0.6931669300077907,,,False
167,31,0.046384903639342,0.0500527891373066,0.1304214175695885,181,22.647,1.162,206689.101,0.183,2.379,0.561,0.035,8.935,0.2741395724303094,0.448217887206419,0.0950488461863893,0.0907104296316168,True
168,21,0.0576778331451501,0.065524832036158,0.1304214175695885,182,29.951,1.154,175188.19,0.193,1.126,0.57,0.047,4.164,0.2824321736500089,0.5712880387812779,,,False
169,69,0.1128924830823986,0.2056802138892327,0.2183967969642363,183,21.206,1.017,687994.913,0.243,2.051,0.31,0.209,2.493,0.2546867242386053,0.5080898001065681,,,False
170,21,0.0396887776136019,0.040498713808618,0.1304214175695885,184,23.952,1.099,123961.399,0.088,2.214,0.56,0.251,1.769,0.1961613513707911,0.7460853840036497,0.0824015367107365,0.0545235234900317,True
171,41,0.0699339514330567,0.0838515902402996,0.1304214175695885,185,26.4,1.187,325637.698,0.147,1.09,0.276,0.021,5.843,0.4104623134642993,0.3196190386035191,0.1208278267612844,0.1389678099998113,True
172,69,0.1200970840182846,0.3307143683688577,0.3307143683688577,186,28.233,1.083,684661.684,0.104,1.199,0.422,0.093,2.642,0.2679086086928395,0.4716070386973353,0.1791437595537854,0.2618509354509942,True
173,61,0.0946261732178301,0.1490846146058047,0.1711025670418537,188,17.931,1.144,531752.746,0.087,1.239,0.373,0.152,8.383,0.2767270243658505,0.518168432223901,,,False
174,61,0.0958310657971099,0.1683213616326524,0.1860435179159308,189,25.605,1.039,570407.943,0.135,1.132,0.288,0.152,1.59,0.1734481719922826,0.5283146556400318,,,False
175,21,0.0400759195397051,0.0399607780617302,0.1304214175695885,190,28.323,1.051,122673.589,0.074,1.184,0.712,0.19,2.233,0.1970156455595302,0.7332774197532318,,,False
176,69,0.1060135209318361,0.2496725643512716,0.2496725643512716,191,27.536,1.103,671242.196,0.236,1.313,0.675,0.184,7.136,0.2642653549485532,0.6091108912578213,,,False
177,41,0.0793316833538827,0.095780713440825,0.1304214175695885,192,15.682,1.047,356812.728,0.177,2.182,0.588,0.243,8.084,0.1773507412509351,0.7177365879478388,0.0934477056918577,0.1623734879233664,True
178,41,0.075972437630233,0.0791467066270252,0.1304214175695885,193,16.341,1.126,302082.547,0.185,0.98,1.032,0.217,2.124,0.0982507844534038,0.7388969060320925,,,False
179,69,0.1689215486710737,0.3837126916360822,0.3837126916360822,194,15.046,1.024,659577.783,0.208,1.223,1.144,0.285,4.249,0.2930333035072837,0.7058779189258567,,,False
180,69,0.1031808053564929,0.1868765648945778,0.2301113054237255,195,28.399,1.124,606432.013,0.221,1.303,0.688,0.104,5.458,0.3057997011860323,0.6690396674309476,,,False
181,51,0.0966941583845071,0.1566166671507721,0.1863596018931607,196,25.38,1.067,496921.245,0.071,1.739,0.909,0.299,9.033,0.4768700711767279,0.5660486458329315,,,False
182,69,0.1201514330031177,0.2561998990383885,0.2615972595456609,197,17.895,1.043,635565.795,0.173,1.406,0.991,0.12,4.232,0.2188786431719595,0.680664523092666,,,False
183,31,0.0660216322631285,0.0721152654479879,0.1304214175695885,198,29.475,1.165,209768.988,0.066,1.66,1.024,0.155,7.348,0.3900261792574224,0.6778909338350607,,,False
184,31,0.0615796170197933,0.0770925799097707,0.1304214175695885,199,18.094,1.14,293493.373,0.126,1.481,0.406,0.082,4.641,0.2207004323589948,0.630778868089379,0.1023313310121538,0.0805875367191237,True
185,41,0.0794382998507995,0.1141119294704744,0.1304214175695885,200,16.228,1.083,353534.601,0.116,1.164,1.196,0.133,4.099,0.1806432711624461,0.681906471368271,0.1497282843526211,0.1757533281496074,True
186,21,0.0665818778066571,0.0789728476018656,0.1304214175695885,201,23.976,1.125,188177.305,0.126,1.234,0.43,0.311,2.427,0.2245463692846936,0.6286279490247688,,,False
187,21,0.0407417755877773,0.0387761933515629,0.1304214175695885,202,29.408,1.039,112969.929,0.194,2.286,1.015,0.254,5.871,0.3362008913528583,0.548813715248382,,,False
188,69,0.1533855344632717,0.2982150141605955,0.2982150141605955,203,26.492,1.143,670735.02,0.166,1.219,0.279,0.324,5.878,0.379356424044544,0.6147213304503065,0.2023640069624599,0.2489806059308784,True
189,21,0.0591055848505516,0.0705572797355923,0.1304214175695885,205,29.812,1.019,197026.532,0.205,1.721,0.757,0.157,8.625,0.3396167085200764,0.6357989369077092,,,False
190,69,0.1398254459431899,0.3627314146575627,0.3627314146575627,206,21.012,1.137,690733.128,0.136,1.637,0.583,0.044,2.936,0.2352500660482709,0.6296063980480272,,,False
191,69,0.2076724421567318,0.8674990841052639,0.8674990841052639,207,18.484,1.181,666111.594,0.166,1.782,1.059,0.025,6.096,0.3424382246158782,0.6038196815929052,,,False
192,51,0.0822046817102261,0.1208621712024307,0.1481083535633398,208,20.588,1.065,444041.432,0.12,1.878,0.359,0.248,3.438,0.1969060412341407,0.629817406295787,,,False
193,41,0.0683285969511789,0.0869066418035494,0.1304214175695885,209,26.059,1.029,329665.942,0.09,1.9,0.337,0.243,2.328,0.2086501522429981,0.7724158170389421,,,False
194,69,0.1332155168284791,0.2674315328361836,0.3093339876127583,210,26.357,1.054,696017.832,0.178,1.682,1.086,0.182,4.959,0.2325919246364328,0.6249065578751705,,,False
195,51,0.0766326028702697,0.0998968507177088,0.1304214175695885,211,28.832,1.086,421871.171,0.224,1.665,0.786,0.218,4.289,0.3081499129567139,0.6356333785601326,,,False
196,51,0.0878791077786919,0.1170794253830332,0.1354809858539165,212,29.521,1.049,403845.387,0.143,1.011,0.953,0.216,5.981,0.2978348702420104,0.7476734495945024,0.1355796998806676,0.1594092745971024,True
197,51,0.088505203124549,0.1220551034858096,0.1522238336052941,213,28.202,1.138,420380.529,0.196,1.911,0.799,0.281,9.968,0.3051531396048844,0.5419246849800478,,,False
198,31,0.0600004010722501,0.0818094016409769,0.1304214175695885,214,16.776,1.003,220707.572,0.25,1.641,1.117,0.139,5.62,0.2216386564028625,0.5921117176790085,,,False
199,21,0.0402501871242459,0.038844302857445,0.1304214175695885,215,17.444,1.034,114353.69,0.056,2.072,0.74,0.211,3.127,0.1789010497775089,0.7034730184867194,,,False
200,69,0.1206252899111525,0.1952645071545143,0.2866202636667135,216,23.931,1.156,612683.895,0.119,1.633,0.474,0.04,1.241,0.2751744599344171,0.6160841374919249,0.3715401561826795,0.2715571058021704,True
201,61,0.1641813671126467,0.3114304508748264,0.3175119532781233,217,20.851,1.03,566469.143,0.054,1.961,0.905,0.008,7.124,0.7655307419872349,0.4530816711525175,,,False
202,31,0.0573875745758142,0.0740915798805254,0.1304214175695885,218,20.493,1.155,281502.601,0.061,1.793,0.604,0.173,3.334,0.3031705691005268,0.5475983518785987,,,False
203,41,0.0787667082730702,0.1304837855782612,0.1304837855782612,219,26.906,1.089,342241.287,0.157,1.703,0.655,0.053,6.559,0.3560686147303615,0.539266729744533,0.1187778113416966,0.1277206403716592,True
204,31,0.0480340259609055,0.0523346558635697,0.1304214175695885,220,22.86,1.103,215894.657,0.099,1.382,0.656,0.051,6.396,0.3474022170303064,0.5067330648020848,0.0672416619898354,0.0618785716587995,True
205,31,0.0614479860120964,0.0695278456706507,0.1304214175695885,222,16.641,1.13,231005.953,0.197,1.318,1.0,0.061,9.424,0.2246454344773611,0.75040355247331,,,False
206,41,0.0828228346487603,0.0930079476451903,0.1304214175695885,224,21.689,1.162,309396.961,0.197,2.003,1.172,0.32,4.876,0.4067863473125953,0.3615928449990744,,,False
207,41,0.0657735120955774,0.0788105244722397,0.1304214175695885,225,27.782,1.196,351841.965,0.148,1.057,0.816,0.189,4.394,0.2965127358194111,0.720747506536342,,,False
208,69,0.0904683923918187,0.185812714327155,0.1907452222541147,226,23.155,1.062,615043.323,0.084,1.654,1.087,0.197,7.549,0.3943771282552582,0.5426238958054223,,,False
209,21,0.0329112327863042,0.0390681632467421,0.1304214175695885,227,25.022,1.18,155959.766,0.186,1.453,0.898,0.126,3.11,0.2363283226504715,0.7829855113992547,0.062532018153418,0.0552133969335277,True
210,31,0.0452371919180443,0.0513752285663886,0.1304214175695885,228,22.707,1.2,251955.984,0.097,1.047,0.52,0.279,7.771,0.3540113946758062,0.3553928402664399,0.1729467184659546,0.0661400041921913,True
211,31,0.0605119695503648,0.0711383404354369,0.1304214175695885,229,26.923,1.02,254171.226,0.15,2.219,0.294,0.019,2.22,0.2330419916307939,0.7170010322211151,,,False
212,31,0.0578430482586215,0.0643376194716335,0.1304214175695885,230,27.26,1.102,213522.125,0.054,1.618,0.699,0.201,5.859,0.3544092725883388,0.590321217158394,,,False
213,21,0.051685212133797,0.0576026708736326,0.1304214175695885,231,25.413,1.195,198145.466,0.154,1.465,0.641,0.055,6.702,0.3710142113127494,0.4603463699941595,,,False
214,51,0.073948195081,0.1085560839707855,0.1304214175695885,232,28.132,1.03,418168.45,0.176,1.784,0.805,0.241,7.59,0.3006691032575264,0.6411607490942692,,,False
215,51,0.0806811191525571,0.1165048046540423,0.1304214175695885,233,18.343,1.019,437935.85,0.118,1.271,0.943,0.124,8.536,0.2430233769672021,0.5559815462655928,,,False
216,41,0.0788243721235135,0.1173705258051276,0.1304214175695885,234,28.632,1.071,387651.642,0.191,2.278,0.993,0.128,8.944,0.3368704395575883,0.5528621902199881,,,False
217,51,0.0843531237339317,0.1125749933737846,0.1345968608142175,235,27.06,1.183,411080.035,0.094,1.142,0.973,0.164,3.751,0.397218214859245,0.5129954786481117,,,False
218,41,0.0726948281602553,0.0851640852212495,0.1304214175695885,236,18.152,1.178,334824.005,0.17,1.197,1.023,0.287,9.869,0.3269519030416155,0.6283648412819515,,,False
219,21,0.0338321485460955,0.0371609213266028,0.1304214175695885,237,24.485,1.144,147579.883,0.122,1.683,0.39,0.151,5.012,0.1870541407301336,0.5919038262499214,,,False
220,61,0.1272491776803376,0.3411942675587967,0.3411942675587967,238,22.392,1.123,592292.819,0.249,2.123,0.553,0.015,9.471,0.2940485527678218,0.7035004108368169,,,False
221,51,0.1217015115272657,0.2310086016838875,0.2324680206041852,239,18.912,1.162,451090.302,0.21,1.539,0.573,0.001,6.184,0.3700417844577467,0.6503470306015797,0.1673994911451603,0.248113543514085,True
222,51,0.0865832201225961,0.1202643047622814,0.1345473191525188,241,27.304,1.146,436307.79,0.246,2.131,0.861,0.245,6.44,0.3349182694168463,0.4755957448563475,,,False
223,31,0.0621960010577288,0.0757156038191095,0.1304214175695885,243,17.424,1.072,230218.422,0.094,1.641,1.182,0.125,5.9,0.2362317175261213,0.512796515148045,,,False
224,69,0.1029731999542389,0.2237682696274164,0.2237682696274164,244,27.205,1.024,656027.85,0.242,1.892,0.417,0.182,6.129,0.2912152800374002,0.6254821936435465,,,False
225,31,0.0581362294472284,0.0661129991269996,0.1304214175695885,245,28.466,1.154,203316.571,0.092,2.248,1.186,0.217,6.895,0.3367317132798585,0.7778757564106559,,,False
226,51,0.0888359071123426,0.1052018059512265,0.1358916886244743,246,15.661,1.055,411530.241,0.108,1.019,0.651,0.248,3.387,0.1757561551717509,0.8387312791056449,,,False
227,21,0.0527342078276624,0.0608108652233588,0.1304214175695885,247,17.518,1.196,177530.796,0.101,1.64,1.169,0.13,7.926,0.2499703330457503,0.5665723230983508,0.11176355889458,0.0700251761247749,True
228,69,0.1388664164935382,0.2848789657233986,0.2848789657233986,248,19.303,1.147,694098.64,0.218,1.088,0.589,0.274,2.018,0.2915928598115727,0.5335591117185029,,,False
229,69,0.1419405344766372,0.2858354659164554,0.2858354659164554,249,17.48,1.115,604962.613,0.063,2.229,0.826,0.329,9.516,0.3093890152434828,0.8136218170414818,0.2569455147897006,0.3311249375533519,True
230,51,0.06982394720684,0.1143782608631729,0.1304214175695885,250,22.441,1.025,417570.011,0.086,2.055,0.92,0.153,6.576,0.3754675100634571,0.5019710691950562,,,False
231,21,0.0697393659816279,0.0785712684285308,0.1304214175695885,251,15.401,1.136,163714.298,0.188,2.147,1.155,0.06,4.523,0.2220385902689552,0.7816552166884153,,,False
232,51,0.082229899055388,0.1468067083626024,0.1469581316822896,252,21.611,1.112,439606.692,0.206,1.823,0.767,0.135,2.066,0.1799977970481925,0.5935352149111616,,,False
233,21,0.0501207236479998,0.0615215591294009,0.1304214175695885,253,19.467,1.112,192852.942,0.187,1.364,1.118,0.133,9.026,0.1546425041736172,0.6902485973908585,,,False
234,61,0.1084242216225612,0.2141467314251923,0.2141467314251923,254,24.088,1.047,550228.988,0.207,2.092,0.714,0.005,5.416,0.4027062450080741,0.6113329992944186,,,False
235,31,0.0578891585803568,0.0707765059773719,0.1304214175695885,256,26.275,1.012,291998.222,0.114,2.141,0.356,0.199,3.23,0.267087334074103,0.8130292222730352,0.1042141607604049,0.1571115029608773,True
236,51,0.0906409464576448,0.1370405321804972,0.1507042484642707,257,16.069,1.185,474514.076,0.078,2.336,0.851,0.138,1.892,0.1977516341144714,0.8724238285610503,,,False
237,69,0.129908287097054,0.266028834109152,0.266028834109152,258,28.34,1.117,652680.274,0.248,1.384,0.854,0.317,8.355,0.3881897998588046,0.603421304976151,,,False
238,21,0.0395429638851671,0.0496240495608736,0.1304214175695885,259,21.739,1.114,186318.629,0.16,2.084,0.512,0.201,3.74,0.137095298872127,0.6123194590933597,,,False
239,69,0.1204303382867915,0.2278085852871541,0.2292685673076606,260,25.253,1.194,614237.566,0.116,2.029,0.511,0.236,9.701,0.3208624829518432,0.7282891936113493,,,False
240,31,0.0493635816743651,0.0557417168317504,0.1304214175695885,261,23.768,1.157,261118.302,0.169,1.116,0.547,0.057,9.046,0.3138536525643194,0.4677027583305809,,,False
241,51,0.0943796523136583,0.1580511837006456,0.1992832035413925,263,20.955,1.159,498682.991,0.158,2.015,1.031,0.281,7.866,0.3310533290613308,0.5087570744236204,,,False
242,51,0.0870786918963691,0.1520904689647391,0.153300941422681,264,20.768,1.177,456984.93,0.083,2.101,1.058,0.147,2.473,0.3040193234719693,0.623906664358683,,,False
243,21,0.0382097859426748,0.03600513347602,0.1304214175695885,265,25.49,1.038,120726.59,0.143,1.59,1.063,0.106,6.133,0.3355158183539189,0.3857138357632561,,,False
244,31,0.0612114647432434,0.0743773449119196,0.1304214175695885,266,27.632,1.174,274873.241,0.083,1.3,1.017,0.255,6.027,0.3655970984897791,0.4881651483994472,,,False
245,61,0.1206970608118439,0.2190438402230301,0.2400380728230773,267,29.87,1.009,567770.079,0.189,1.429,0.537,0.136,2.665,0.2781792044047958,0.4417943130343595,,,False
246,21,0.0424091638064211,0.0469763683733014,0.1304214175695885,268,18.7,1.143,167053.214,0.05,1.035,1.185,0.271,6.279,0.3182552657884294,0.609909413875129,,,False
247,61,0.1073083277062834,0.1838043811080364,0.3470161465731765,269,23.288,1.002,590090.866,0.136,1.735,0.368,0.171,9.379,0.2473084327060509,0.6893363060135309,,,False
248,61,0.1238303576927144,0.1914066762133482,0.2053552664091451,270,15.723,1.024,530368.293,0.136,1.858,1.151,0.071,3.054,0.1876491543118867,0.6793926727000285,,,False
249,61,0.1014968430300851,0.181540100430899,0.202059240653925,271,23.01,1.2,559176.146,0.161,1.267,0.555,0.263,5.205,0.3705558951073467,0.517639918466116,0.2094584231378687,0.1397475001266898,True
250,61,0.0928393131590425,0.189200709255361,0.189200709255361,272,21.813,1.166,563777.861,0.162,1.554,1.022,0.224,8.27,0.3215977668781759,0.6580515516898771,,,False
251,21,0.031074035267578,0.0318804608164354,0.1304214175695885,273,23.528,1.161,142880.488,0.077,1.482,1.064,0.208,9.245,0.3243162892444341,0.606552630958132,,,False
252,51,0.0830455281765485,0.1361561416087453,0.1932675679816341,274,22.906,1.01,436859.1,0.237,1.985,1.01,0.034,7.871,0.3493609120640218,0.5760402069235409,0.150913224552034,0.1933363449787797,True
253,31,0.0657230089710757,0.0821542490819249,0.1304214175695885,275,29.648,1.054,244600.009,0.109,0.976,0.662,0.154,2.774,0.1916411340391168,0.5946596033358466,,,False
254,69,0.1287369249487781,0.28480240319264,0.28480240319264,276,19.481,1.111,677391.083,0.171,2.018,1.125,0.126,2.402,0.226080516409734,0.6437745466082067,,,False
255,51,0.0801332624015795,0.1311781917272605,0.1312958630805272,277,17.188,1.139,433886.195,0.23,1.923,1.039,0.102,5.325,0.2081426817268222,0.68003422968039,,,False
256,51,0.0789969027879512,0.1316988254882112,0.1388011706170068,278,21.295,1.092,488339.037,0.077,1.31,0.981,0.23,3.365,0.2410086855589981,0.6342053771373599,,,False
257,61,0.1104972126538,0.1846375019530536,0.1942384492071026,279,20.285,1.116,534088.963,0.1,1.814,1.047,0.303,9.789,0.3292320000459084,0.6505707077554359,,,False
258,61,0.0993062300732566,0.1358638025048475,0.1732330233235773,281,28.988,1.08,544740.908,0.134,1.3,1.171,0.292,9.484,0.266501966495747,0.5784933784127987,,,False
259,69,0.1111258608374069,0.2210741536860424,0.2210741536860424,282,28.956,1.097,626351.816,0.204,1.028,0.539,0.149,4.119,0.2272110744380195,0.7306379636989729,,,False
260,31,0.0462092624007009,0.0738785060203214,0.1304214175695885,283,22.675,1.037,255767.463,0.154,1.307,0.938,0.09,3.94,0.201381949519165,0.556723809165474,0.0690999317761827,0.0911123407865241,True
261,21,0.0439235925289248,0.0508092995320439,0.1304214175695885,284,18.818,1.057,187273.037,0.234,1.266,0.896,0.129,8.775,0.1895241389449374,0.6885806124584319,0.0655391809810399,0.0676775752856333,True
262,41,0.0650706988678989,0.086188333738234,0.1304214175695885,285,17.987,1.052,329003.236,0.172,2.127,0.36,0.086,2.057,0.1518812721029303,0.7031502926820197,,,False
263,69,0.1299523122766988,0.2791216123038784,0.2791216123038784,286,22.416,1.153,648408.982,0.239,1.083,0.986,0.303,2.242,0.3315711812778053,0.3156863650533476,,,False
264,51,0.0948560626313599,0.1498840979200404,0.2252626546369537,287,27.759,1.008,458715.333,0.065,1.395,0.797,0.135,8.494,0.4895982337521268,0.4993096813310528,,,False
265,41,0.063396298364792,0.0896080115180852,0.1304214175695885,288,22.065,1.127,337978.854,0.074,1.951,0.649,0.27,8.407,0.3176944486516951,0.4973553919814821,,,False
266,51,0.0777034500952135,0.100037570865524,0.1418410534367533,289,17.078,1.15,401854.446,0.081,1.719,1.008,0.237,4.258,0.2850554370658136,0.7238073895517785,,,False
267,21,0.0393836504920021,0.0407975372284766,0.1304214175695885,290,22.88,1.147,170201.472,0.072,2.393,0.277,0.146,8.163,0.2659565091444547,0.4866137728201176,0.0772563409016591,0.0604606989253908,True
268,31,0.0382595284808256,0.0451144908882826,0.1304214175695885,291,22.72,1.196,242429.457,0.063,1.529,0.67,0.251,6.185,0.3416348616554142,0.4743993503011259,,,False
269,41,0.0899991026112073,0.1033040897572474,0.1304214175695885,292,15.23,1.183,353058.542,0.225,1.185,1.032,0.156,4.271,0.27106739553891,0.7230161757647396,0.1921475103382713,0.1709145702326212,True
270,69,0.1144785829130962,0.2849086373690185,0.2849086373690185,293,23.118,1.034,655402.758,0.062,1.507,1.079,0.306,4.973,0.4460350945966081,0.5132048171124942,0.2862319190500485,0.387679372252476,True
271,21,0.0514211342712246,0.0542774133668958,0.1304214175695885,294,28.901,1.058,128809.308,0.058,2.058,0.744,0.31,4.592,0.4116562550071178,0.6260281583371542,,,False
272,51,0.076277452674421,0.1060760876314257,0.1376452128695499,295,27.464,1.056,476569.314,0.113,1.351,0.37,0.071,3.379,0.2837420722614807,0.4441284264941282,,,False
273,31,0.0607811766179199,0.0693505264137676,0.1304214175695885,296,17.047,1.183,243701.466,0.172,1.303,0.562,0.077,7.442,0.2908075126565748,0.6687017500736346,0.1341664390674323,0.0896033467649157,True
274,51,0.0972006246918864,0.1538422425245237,0.1827017900528037,297,20.046,1.129,401691.968,0.157,1.113,0.264,0.022,3.046,0.2203711123239343,0.6954653196306025,0.1707601427425794,0.1836553738652749,True
275,31,0.0528949347509621,0.0654903747091004,0.1304214175695885,298,21.16,1.194,257836.406,0.058,1.856,0.336,0.021,1.186,0.3360356760002296,0.6558844632715218,,,False
276,21,0.0697257546279501,0.0766780610572936,0.1304214175695885,299,19.848,1.126,196333.545,0.096,1.982,1.08,0.297,1.55,0.2072491235902452,0.8098905292170093,,,False
277,69,0.1617062105500107,0.4320365491376515,0.4320365491376515,300,24.066,1.158,600509.225,0.116,2.368,1.128,0.045,4.631,0.3913322512797555,0.6211781975788058,,,False
278,31,0.0813262947126536,0.0968078318388989,0.1304214175695885,301,25.722,1.016,206081.891,0.211,1.686,0.382,0.317,2.52,0.3399195379000905,0.5380813012434985,,,False
279,41,0.072685975149632,0.0974505296273266,0.1304214175695885,302,18.401,1.014,312507.934,0.126,1.565,0.695,0.076,7.877,0.2773465568291989,0.4414926467931294,0.1195085162095709,0.1281529068621865,True
280,41,0.0673731366939406,0.1018742294524668,0.1304214175695885,303,18.598,1.107,328515.501,0.128,1.751,0.754,0.081,1.394,0.1725500949390944,0.6860465305425226,0.0915456557878899,0.1466798274748638,True
281,61,0.1176188652156722,0.21567832031144,0.2223358871105756,305,16.045,1.163,588523.844,0.136,1.041,0.784,0.259,1.843,0.1923163334996708,0.5350384014470255,,,False
282,41,0.0692979905437549,0.1048828083681344,0.1304214175695885,306,20.49,1.061,336949.298,0.077,1.499,0.87,0.172,2.14,0.1894845892560188,0.5781290592199508,,,False
283,51,0.0960751599839364,0.141310091927245,0.1486885627596876,308,15.86,1.182,478853.807,0.101,1.948,0.878,0.173,8.832,0.2317089279563702,0.6253170325094929,,,False
284,31,0.0572256200135328,0.0619833282245171,0.1304214175695885,309,28.229,1.172,250018.713,0.156,1.233,0.272,0.127,8.585,0.2562404663563771,0.5060098202489263,,,False
285,61,0.1158530803807324,0.2112085675899418,0.2665882439454192,310,20.202,1.011,593263.372,0.109,2.152,0.708,0.016,4.851,0.4381897860831054,0.471523297683772,,,False
286,31,0.0561258976440375,0.0614928511731977,0.1304214175695885,311,18.623,1.066,264824.603,0.153,1.941,0.617,0.269,8.91,0.2456673728671463,0.6661629548042025,,,False
287,61,0.1099248125098631,0.2154628593564861,0.2154628593564861,313,22.777,1.097,575683.629,0.107,1.535,0.619,0.312,5.936,0.3106923803421275,0.6263822810025987,,,False
288,41,0.1029618341536237,0.1026887820791424,0.1304214175695885,314,15.466,1.146,315909.119,0.145,1.699,0.914,0.321,6.33,0.2521359212415985,0.462468277541234,,,False
289,69,0.1319749815948294,0.2268564441744952,0.2838587464822584,315,19.324,1.008,636866.131,0.213,2.215,0.822,0.186,2.264,0.2447000911163827,0.6529853825936504,,,False
290,21,0.0828300136157124,0.0882575515900373,0.1304214175695885,316,16.091,1.155,195647.292,0.233,1.444,0.965,0.295,4.804,0.2914102677828372,0.4840932328728445,,,False
291,21,0.0498567488693049,0.0549656313568813,0.1304214175695885,317,25.685,1.161,179034.42,0.158,1.722,0.43,0.092,8.572,0.2354577254647437,0.471344669050549,0.0698096570498516,0.0603263325325955,True
292,61,0.1130950638473571,0.2329634514294348,0.2549054328940384,318,29.799,1.055,581609.982,0.106,1.043,0.506,0.125,5.475,0.266762700079231,0.4745950730020677,,,False
293,31,0.0592868018061662,0.0677471047307448,0.1304214175695885,319,21.258,1.098,212467.477,0.072,0.972,0.76,0.042,5.392,0.396609985899891,0.5690635622590194,,,False
294,31,0.0744083784581916,0.0914778030553221,0.1304214175695885,320,23.195,1.015,286535.578,0.064,0.962,0.904,0.332,6.522,0.4263642717071062,0.5993432415006235,0.2824245489930301,0.158549696652254,True
295,61,0.1001044942000984,0.229435504188158,0.229435504188158,322,17.232,1.171,546776.339,0.154,2.07,1.147,0.123,5.635,0.2918500260231411,0.6206623674627793,,,False
296,69,0.1314995005840352,0.2831244768017734,0.2831244768017734,323,26.821,1.021,644939.325,0.217,1.496,1.158,0.095,6.981,0.3905010996079704,0.4884330817030657,,,False
297,31,0.0526337608028579,0.0642313503142371,0.1304214175695885,324,18.087,1.028,285530.182,0.064,2.116,0.373,0.182,2.196,0.1428383757293075,0.7662057012291956,,,False
298,69,0.1759155185392571,0.6253782490741405,0.6253782490741405,325,22.408,1.096,668137.545,0.082,1.004,0.4,0.039,7.079,0.5390500923824951,0.3920285064001335,0.552812240833604,0.348122087355015,True
299,41,0.0771468300494272,0.1006516073142096,0.1304214175695885,326,26.875,1.164,341305.692,0.065,1.968,0.438,0.207,2.62,0.3166379567516672,0.5193085163210224,,,False
300,69,0.1105115069992845,0.2411178249570976,0.2411178249570976,327,25.273,1.152,623846.668,0.202,1.818,0.643,0.163,1.663,0.1900270476592452,0.5317700371657458,,,False
301,51,0.0760052782728331,0.1115913213455871,0.1304214175695885,328,28.096,1.022,407106.423,0.143,1.324,0.912,0.153,8.674,0.2794125545853629,0.5333337807818147,,,False
302,31,0.0563162447530498,0.0696301025443616,0.1304214175695885,329,19.344,1.186,244418.085,0.236,1.799,0.486,0.079,2.482,0.2339175619740366,0.9123700930914708,,,False
303,61,0.09509245078772,0.1426935365309596,0.1866424856479643,330,24.922,1.108,556359.718,0.086,1.613,0.746,0.093,2.676,0.2490717742584567,0.3016831503374583,0.1363876347405805,0.1489028841523644,True
304,41,0.0677138623653783,0.0994066936760917,0.1304214175695885,331,21.368,1.188,342622.867,0.07,2.324,0.332,0.041,2.046,0.2884956070117181,0.730664758534281,,,False
305,61,0.1169734903839369,0.2241098803128141,0.2241098803128141,332,29.501,1.179,518904.493,0.187,1.101,1.004,0.067,7.109,0.3487528861488977,0.6733892045864036,,,False
306,61,0.0891755796191213,0.1302179187748274,0.1522748703687424,334,28.522,1.032,513272.842,0.177,2.011,0.832,0.03,1.54,0.2444191869899321,0.6083827383698844,0.3441184331958052,0.4046338708119885,True
307,31,0.0543009989870495,0.0639513808955885,0.1304214175695885,335,21.176,1.086,214724.598,0.093,1.677,0.688,0.039,3.993,0.3995963479926545,0.4596525931365954,,,False
308,69,0.101653132917194,0.2686996183037005,0.2686996183037005,336,28.252,1.176,679305.994,0.14,2.057,0.807,0.187,4.171,0.3250062330720848,0.5789005887183298,,,False
309,21,0.033185555020545,0.0375684421491485,0.1304214175695885,337,20.828,1.123,142423.528,0.063,1.667,0.723,0.148,2.183,0.1707104669245154,0.6030581470064196,,,False
310,31,0.0487131499902226,0.054989020950307,0.1304214175695885,338,21.8,1.102,233744.985,0.191,2.284,0.246,0.042,8.304,0.271297527823299,0.6694820004892706,0.0963639696601341,0.082612927388418,True
311,41,0.0813625158387847,0.0967525595268486,0.1304214175695885,339,29.677,1.042,352149.312,0.198,1.007,0.321,0.289,7.894,0.2978120557002673,0.7815420921618983,,,False
312,69,0.1064091513985032,0.1788601909913047,0.2073650459107454,340,26.763,1.02,628153.799,0.067,1.737,0.338,0.229,2.409,0.2895377050414996,0.7814288200762506,,,False
313,41,0.0776344227706992,0.1083527660264649,0.1367190616646017,341,26.25,1.157,381959.562,0.138,1.49,0.998,0.206,3.105,0.2698602929704064,0.6678607793259504,0.1069925033551973,0.1161736276605569,True
314,51,0.0878809946653771,0.1464429446708942,0.1477280893265087,342,24.362,1.114,454197.793,0.153,2.264,0.936,0.08,6.963,0.3155697996814475,0.6002133322817618,0.1445060423509822,0.1307438420972016,True
315,69,0.1237885846467276,0.3005242612407708,0.3005242612407708,343,16.887,1.079,691494.71,0.151,2.259,0.848,0.257,6.316,0.2558871462208921,0.6862383725677962,,,False
316,31,0.0593710189234595,0.0668126280053658,0.1304214175695885,344,27.749,1.063,221953.744,0.067,1.24,0.966,0.1,4.791,0.5183597651144438,0.5462786981650369,0.1114355393757428,0.0706443432934238,True
317,61,0.1141129874865493,0.2144295222399864,0.2437718968211447,345,24.728,1.178,599658.567,0.137,1.71,0.842,0.245,7.81,0.3324718442999627,0.6774443002046974,,,False
318,51,0.0767415192323209,0.1312245071104462,0.1312245071104462,346,22.107,1.092,459519.639,0.243,1.0,0.732,0.206,7.245,0.220272559994622,0.5747715310597387,,,False
319,61,0.0930022986045503,0.1425729512268169,0.1425729512268169,347,29.148,1.13,511613.473,0.233,2.187,0.958,0.178,9.383,0.3301884994975457,0.51804529139912,,,False
320,41,0.0838295694488937,0.123857320736618,0.1304214175695885,348,28.608,1.138,364562.558,0.178,1.937,0.4,0.029,9.858,0.3539455134185975,0.4809564440098717,,,False
321,21,0.0511804200224807,0.0631641692998841,0.1304214175695885,349,27.333,1.106,191973.087,0.066,1.582,1.055,0.275,7.317,0.3289512010862888,0.4589742073355378,,,False
322,21,0.0476245868929925,0.0462202684664831,0.1304214175695885,350,29.3,1.018,110855.558,0.246,1.255,0.66,0.054,5.269,0.3154222263282196,0.5654939533946396,,,False
323,51,0.0848840432992629,0.1192075288710663,0.1432966739086976,351,17.386,1.074,454882.554,0.175,1.165,0.677,0.196,6.111,0.1728604564005488,0.6138621286201325,,,False
324,41,0.0891774306904422,0.2194595867197615,0.2194595867197615,352,28.07,1.004,360202.054,0.076,0.986,1.065,0.128,5.186,0.4455395493814482,0.5879571990893656,,,False
325,31,0.0582198948897222,0.0625685945667017,0.1304214175695885,353,28.446,1.187,217756.778,0.191,1.269,0.395,0.097,8.882,0.2948819297642285,0.5815572063072392,,,False
326,69,0.1195773395915634,0.2984383728647238,0.2984383728647238,354,17.25,1.183,650867.173,0.186,1.209,0.913,0.167,3.422,0.224328848637672,0.5679381438811745,,,False
327,31,0.0833086909444522,0.0990178432402812,0.1304214175695885,355,15.596,1.104,269507.916,0.123,2.312,0.635,0.107,5.972,0.1748737886057101,0.5998307062791282,,,False
328,61,0.1112612307347702,0.1773872207838587,0.1893793548055042,356,16.304,1.076,529296.525,0.159,1.246,0.247,0.22,1.414,0.1040718729821528,0.8485574123990072,0.2004585578620374,0.3318169941456313,True
329,69,0.1355172399851589,0.2522194057347339,0.2745987488184404,357,26.731,1.046,603895.689,0.052,1.216,1.104,0.088,1.923,0.384743338482669,0.479768015729748,0.2104290182305915,0.3913085175482506,True
330,41,0.0541727778082095,0.0772996282740145,0.1304214175695885,358,22.997,1.191,363177.01,0.085,2.356,0.322,0.067,1.6,0.2943137636549939,0.722128797065401,,,False
331,51,0.0988775693823747,0.1393585034798295,0.1788716096904601,360,16.42,1.17,480894.918,0.224,1.134,1.047,0.258,2.043,0.2304875159173213,0.5343889360337598,,,False
332,69,0.113927816575566,0.302865050441075,0.302865050441075,361,18.381,1.122,673819.03,0.097,1.001,0.54,0.132,4.491,0.2993535770678054,0.6089537797431318,,,False
333,51,0.0767164256967578,0.1012609882162397,0.1304214175695885,362,17.495,1.044,427166.472,0.206,2.34,0.576,0.156,6.948,0.2003334399042804,0.7241027155409568,,,False
334,31,0.0431833762489782,0.0497594558812256,0.1304214175695885,363,22.206,1.148,249439.891,0.175,2.238,0.867,0.143,8.85,0.2476652529443236,0.5262968964357178,,,False
335,41,0.0763909803586368,0.1053836639027461,0.1573283962513141,364,25.545,1.19,399683.02,0.121,1.527,1.163,0.277,4.738,0.374179259473494,0.682400411485695,,,False
336,21,0.0395578854181642,0.042097149227255,0.1304214175695885,365,18.668,1.19,133190.466,0.193,1.285,0.583,0.056,5.605,0.2525760663866283,0.8344388229558247,0.07923544547467,0.0700692331512891,True
337,31,0.0509049136893924,0.058797409551888,0.1304214175695885,366,24.272,1.157,218544.581,0.091,1.484,0.957,0.274,3.882,0.3051672501440986,0.5350715229868979,,,False
338,61,0.1098607639429722,0.1967870330933361,0.1967870330933361,367,19.932,1.17,520312.753,0.212,1.273,1.056,0.142,6.809,0.2608407204653318,0.585915829264066,0.2114153694950216,0.1743838451545197,True
339,31,0.0523906780607541,0.0574231141220038,0.1304214175695885,368,20.659,1.122,242175.186,0.131,1.829,0.847,0.283,6.753,0.2380996083464875,0.4712851098956688,,,False
340,69,0.105935424633202,0.2556391816428125,0.2556391816428125,369,22.123,1.192,662649.298,0.14,1.839,0.553,0.179,9.746,0.2671771130346889,0.6259682346515312,,,False
341,69,0.1244582870025968,0.3273976582651136,0.3273976582651136,370,21.89,1.066,651611.179,0.134,2.104,0.759,0.109,7.271,0.2539224650198259,0.5954213797250741,,,False
342,41,0.0822908004783299,0.1287511164696712,0.1304214175695885,371,16.665,1.082,310947.098,0.116,1.383,0.777,0.063,6.232,0.2985973498454762,0.52299194477633,,,False
343,31,0.0417053572270507,0.0502988017019698,0.1304214175695885,372,23.407,1.134,270419.334,0.114,1.107,1.035,0.031,1.742,0.279741616359636,0.6539979219544999,0.1155774846125,0.0610242206403492,True
344,69,0.1385179632382163,0.3133824544727412,0.3133824544727412,373,16.489,1.035,642274.188,0.135,1.6,0.84,0.13,9.321,0.1964268758253201,0.610024822040151,0.2698004507252868,0.2801962651912167,True
345,51,0.0934831628780498,0.155369244761641,0.155369244761641,374,25.851,1.119,424920.085,0.109,1.005,0.602,0.098,2.591,0.2012364805313498,0.3520081081445969,0.1341316828567014,0.1306195296346206,True
346,41,0.0776854299244994,0.1128366526526772,0.1304214175695885,376,25.897,1.081,302380.368,0.244,1.629,1.102,0.072,2.293,0.1874138455352417,0.7558341575743753,0.133165324960734,0.1203180722838646,True
347,31,0.049336400412272,0.0560464996518302,0.1304214175695885,377,21.07,1.19,205562.726,0.114,2.023,0.885,0.141,9.562,0.2982158904171444,0.5404232465421601,,,False
348,31,0.0559440389093553,0.0615187159480675,0.1304214175695885,378,17.104,1.11,251195.586,0.052,2.361,0.884,0.15,2.738,0.2320566416264331,0.7720127229851187,0.0665048326021712,0.0796151540179283,True
349,51,0.086994924789694,0.1169036099968704,0.1565823288347405,379,19.256,1.075,413033.061,0.205,2.021,0.339,0.078,3.282,0.1864542699944473,0.6712732371447862,,,False
350,69,0.1120769324317163,0.3289780817775881,0.3289780817775881,380,23.436,1.115,697333.281,0.232,1.068,0.803,0.07,7.617,0.2857087441925326,0.7377693570425576,,,False
351,61,0.0922323466724525,0.1691298281412127,0.1792077110773503,381,24.447,1.077,583513.425,0.058,1.775,0.45,0.223,2.864,0.2663181162666438,0.6538814547258657,0.1929098752603582,0.1881172938752186,True
352,69,0.1251879522662815,0.3065258643392256,0.311347087118105,382,24.758,1.148,699535.464,0.109,1.563,0.986,0.164,1.648,0.2887253814224937,0.5129048077209503,0.2280251868466889,0.2887982260632925,True
353,41,0.0845546659548995,0.1259074729807089,0.1322683008730776,383,19.589,1.11,308050.051,0.2,1.458,0.513,0.019,4.324,0.2390305080585019,0.817111735896105,0.1516221965393238,0.1469896453442645,True
354,31,0.0709267900257396,0.0725388535242522,0.1304214175695885,384,17.676,1.192,276486.703,0.152,2.018,0.557,0.284,3.792,0.2126652802733143,0.5068661094322442,,,False
355,21,0.0607451721426545,0.0618240145295966,0.1304214175695885,385,22.288,1.077,119777.856,0.133,1.222,0.962,0.326,4.023,0.3805598704686181,0.6482100504678291,,,False
356,61,0.1123654473188247,0.2126098179042105,0.2387623149970657,386,26.323,1.04,586762.331,0.229,1.265,0.616,0.106,5.709,0.2710406501726422,0.6277802284018522,,,False
357,41,0.0813349774336708,0.1173917551398062,0.1603564405797283,387,19.115,1.181,392704.901,0.166,2.221,1.17,0.16,6.91,0.3252525303271216,0.6711782155406029,,,False
358,51,0.081282497084881,0.1354269324152371,0.1711607838759258,388,26.04,1.011,443001.899,0.055,1.992,0.341,0.27,5.637,0.4071008836194774,0.9605749570414356,,,False
359,31,0.0822148908603874,0.1219677536530953,0.1330968204764779,390,19.526,1.14,271377.52,0.185,1.528,0.823,0.01,9.532,0.348002126936835,0.5052280187877526,,,False
360,61,0.1145651132139321,0.1809194024276924,0.20291256212295,391,26.374,1.107,577480.851,0.19,1.596,0.241,0.261,5.887,0.2891682432983307,0.5505807721691716,,,False
361,51,0.0858585973172106,0.1644091278275986,0.1824872402239568,392,23.509,1.149,484082.463,0.149,2.066,0.907,0.04,3.551,0.3312056366402199,0.6162462511139756,,,False
362,21,0.0480683276830039,0.0525514420238335,0.1304214175695885,393,24.897,1.111,167619.277,0.18,1.621,1.187,0.015,9.389,0.4141540703153846,0.4731747306080363,,,False
363,61,0.0833081868802349,0.1575390317512954,0.1575390317512954,394,28.165,1.107,596862.79,0.213,2.292,0.599,0.224,3.961,0.2924306203329126,0.3942015045682084,,,False
364,31,0.0589604028139708,0.0673969251553261,0.1304214175695885,395,17.721,1.182,204104.121,0.079,1.735,0.349,0.069,3.971,0.3249354566665013,0.6140600700829236,,,False
365,21,0.0316176395063004,0.0364192680467281,0.1304214175695885,396,22.195,1.049,138349.066,0.199,1.798,0.627,0.078,2.03,0.1253839805298707,0.7622532415830668,,,False
366,21,0.0478898889225235,0.0442160423219048,0.1304214175695885,398,28.752,1.028,104671.094,0.073,2.052,0.456,0.038,1.814,0.297629247209942,0.7640420686190016,,,False
367,51,0.0998244403070611,0.1736705096240142,0.1745196942968033,399,18.925,1.146,447254.25,0.127,1.248,0.796,0.09,9.916,0.2344686178173631,0.5607951131536871,,,False
368,41,0.099943576159484,0.1627613148265047,0.181513474455791,400,19.618,1.099,389994.865,0.215,1.869,0.725,0.033,9.139,0.3393422574621311,0.5603117596377558,,,False
369,21,0.0463231309620432,0.0521925602071852,0.1304214175695885,401,19.223,1.038,145266.028,0.053,1.705,0.715,0.162,6.166,0.3093811696420139,0.5463971073882319,0.078104937846885,0.0644776206907633,True
370,31,0.0781981169889941,0.0908072803935603,0.1304214175695885,402,26.309,1.01,231799.541,0.161,1.452,0.381,0.31,9.29,0.3653253240750381,0.6920964077332463,,,False
371,21,0.0665112449155447,0.0697970715403554,0.1304214175695885,403,15.22,1.089,126793.743,0.052,1.817,0.995,0.215,5.106,0.2523794663932715,0.654273864881,,,False
372,41,0.0813646181944383,0.1062458182327158,0.1304214175695885,404,25.89,1.036,339355.913,0.192,1.931,0.323,0.275,3.174,0.2301301662340875,0.5258886109331745,0.1376397928786842,0.1541890929996297,True
373,31,0.0495862379456078,0.0594764331311734,0.1304214175695885,405,22.067,1.182,252901.786,0.061,1.371,0.492,0.202,1.039,0.2253188638552254,0.5599642046126487,0.0826884796236277,0.0683764246795019,True
374,61,0.0758046199686795,0.1271301042441383,0.1304214175695885,406,22.514,1.091,501758.261,0.064,1.825,1.164,0.222,8.794,0.3193324027143757,0.6894728476382785,0.1181745247001846,0.1451282414043446,True
375,21,0.030007762192823,0.0255534991592413,0.1304214175695885,407,25.799,1.176,103776.24,0.225,1.659,1.092,0.181,4.564,0.3498896440683509,0.7801433653109188,,,False
376,21,0.0524847776689964,0.0567354618177907,0.1304214175695885,408,25.652,1.058,133705.565,0.133,2.273,0.773,0.302,4.302,0.3000289669319361,0.4051992510644801,,,False
377,41,0.1113511922391363,0.3817796856649922,0.3817796856649922,409,27.141,1.001,388482.999,0.111,1.461,0.937,0.246,3.825,0.3135281383110183,0.7213983813605623,,,False
378,41,0.067308894433922,0.0868864761989743,0.1304214175695885,410,18.849,1.168,317997.975,0.119,1.668,1.053,0.191,8.808,0.2682604586372076,0.6177670677055225,,,False
379,21,0.0487660299206313,0.0536930594358614,0.1304214175695885,411,17.0,1.166,157548.032,0.166,1.319,0.523,0.125,5.907,0.2082794198323,0.6776007548173634,,,False
380,31,0.0418211469841747,0.0551390587784945,0.1304214175695885,412,23.58,1.111,296454.634,0.14,2.237,0.599,0.164,3.787,0.1758723192986752,0.6897259218309159,,,False
381,21,0.042215707489095,0.0454298213649366,0.1304214175695885,414,20.005,1.008,114622.02,0.231,1.404,0.307,0.026,8.459,0.2880535213317611,0.940871480014941,,,False
382,21,0.038041098294762,0.0372520034626146,0.1304214175695885,415,17.772,1.027,121945.447,0.155,1.275,1.076,0.141,3.331,0.1454753400333591,0.6597823593393973,,,False
383,61,0.1255401707978935,0.2350754033667831,0.2538563569860909,416,15.191,1.034,584530.956,0.241,1.959,1.082,0.095,2.701,0.1829013166667296,0.7466125049810054,,,False
384,31,0.0544487310281009,0.0649886507256845,0.1304214175695885,417,21.405,1.175,270205.858,0.074,1.144,0.278,0.157,8.42,0.3514507417168858,0.4934928891860717,,,False
385,41,0.0607001178475455,0.0685144928593603,0.1304214175695885,418,16.733,1.181,306032.694,0.212,1.835,0.858,0.114,5.684,0.2429375766170236,0.6988635423730842,,,False
386,51,0.0759633161411303,0.1042889925585947,0.1304214175695885,419,28.495,1.07,413499.826,0.128,0.971,0.384,0.007,2.599,0.308679768343306,0.5623786672732094,,,False
387,69,0.126537740301485,0.2074615186336541,0.2577961835827214,420,18.126,1.003,607198.386,0.137,1.724,0.654,0.059,8.784,0.3797184502664285,0.3361274749362218,,,False
388,69,0.1247213402470427,0.2651638979950371,0.2651638979950371,421,19.981,1.03,639370.232,0.196,1.31,0.777,0.063,3.079,0.205412343422994,0.8269488393991067,0.2074371428478691,0.2928271060475571,True
389,51,0.0742279378088478,0.1042007395214801,0.1334007073979775,422,25.062,1.167,410719.61,0.217,1.837,1.125,0.169,1.737,0.2699887627309597,0.6231225924566446,0.1730610781992973,0.1512263113746723,True
390,51,0.0754632935297081,0.1033051538653473,0.1304214175695885,424,17.062,1.131,476117.854,0.152,1.841,0.586,0.169,9.613,0.1762885943971874,0.6822290782506639,,,False
391,51,0.0884695639965467,0.1212335636109817,0.1800022117639697,425,19.371,1.009,437339.471,0.101,1.203,0.75,0.1,2.962,0.2114918833042827,0.6596467317141604,,,False
392,41,0.0625162931239685,0.0786487793959009,0.1304214175695885,426,19.042,1.056,302908.684,0.181,2.083,1.071,0.234,6.246,0.2330676120656896,0.4840611127082932,0.0886848867712096,0.1081756623344582,True
393,31,0.061191369079181,0.076486221196233,0.1304214175695885,427,27.508,1.088,278893.87,0.182,2.321,0.386,0.044,8.686,0.318730307330423,0.5165889392506195,,,False
394,69,0.1863732838885614,0.8508050653169906,0.8508050653169906,428,17.786,1.094,688243.398,0.127,1.471,0.77,0.009,5.365,0.3776986173023459,0.6352475165358238,,,False
395,61,0.1005172060428479,0.1625014182617459,0.1728413004942891,429,27.285,1.018,504674.171,0.09,1.321,0.801,0.094,7.733,0.4427618694218431,0.393427189240978,,,False
396,21,0.0503031344896653,0.0490101136825869,0.1304214175695885,431,20.084,1.021,149289.503,0.203,1.128,0.632,0.252,3.597,0.1385992399882481,0.523578661963139,0.096106684221688,0.0905890934029731,True
397,31,0.0646502860527779,0.0863625810053166,0.1304214175695885,433,26.509,1.053,228766.177,0.194,1.386,0.501,0.064,2.579,0.1911303519435997,0.5090185540479446,,,False
398,21,0.0611762732669,0.0725461111667458,0.1304214175695885,434,27.573,1.103,154731.817,0.173,1.17,0.503,0.267,1.133,0.1224333120400952,0.6953578579398396,,,False
399,51,0.0852133914633807,0.148077854563042,0.1561505834827157,435,22.029,1.052,473576.68,0.051,1.685,0.935,0.056,1.7,0.257103689635216,0.3893093824322952,,,False
400,41,0.0680656320337714,0.0809439688091298,0.1304214175695885,436,28.535,1.119,341167.987,0.219,1.122,0.687,0.235,3.141,0.2318652244496428,0.6974438931770887,,,False
401,31,0.0498784399909046,0.0576628963123037,0.1304214175695885,438,21.272,1.082,228087.577,0.073,1.212,1.093,0.247,1.939,0.18057164246017,0.7541381722633813,,,False
402,31,0.0391811821332236,0.0459673856598985,0.1304214175695885,439,23.226,1.163,267465.874,0.248,2.235,0.502,0.158,7.086,0.2810711675792675,0.7553032952564076,,,False
403,41,0.076922177032308,0.1009574063696993,0.1304214175695885,440,16.033,1.046,313106.271,0.076,1.925,0.426,0.13,5.615,0.2402498069444152,0.5138173217968602,,,False
404,31,0.0852081503457117,0.0984715444232278,0.1304214175695885,441,15.532,1.1,212904.054,0.139,1.038,0.895,0.058,7.6,0.2434632085010307,0.6362878326026453,,,False
405,31,0.07444392839923,0.0931910234840534,0.1304214175695885,442,22.177,1.033,278227.963,0.147,1.741,0.916,0.319,7.972,0.3566184494343466,0.5890339512923515,,,False
406,61,0.0907195204148991,0.1544581975187905,0.1713381781816189,443,18.753,1.039,546316.612,0.112,2.241,0.37,0.192,5.657,0.2564008673902472,0.6311686516643626,,,False
407,51,0.0844200896693612,0.1380287954910846,0.1838640771259332,444,23.319,1.147,495446.18,0.066,1.779,0.246,0.08,5.571,0.4885347765162862,0.4058858982137601,,,False
408,61,0.1130683732107747,0.2472868425899971,0.2505422134945739,445,24.628,1.113,595885.921,0.183,2.139,0.782,0.065,8.174,0.300039049892686,0.5514051660422188,,,False
409,69,0.1105864528509904,0.1997364451751016,0.1997364451751016,447,24.055,1.066,634284.392,0.177,1.965,0.834,0.25,3.63,0.2533141117298265,0.4911379666585899,,,False
410,69,0.1065486958296845,0.1730039916061695,0.2150765251664947,448,24.024,1.118,604138.518,0.082,2.093,0.819,0.187,9.006,0.3219099909484319,0.640850433129627,,,False
411,61,0.1319555811708319,0.2128391163146907,0.2128391163146907,449,15.092,1.112,517663.253,0.152,1.765,1.105,0.131,5.679,0.1906879490399803,0.6617916574255536,,,False
412,41,0.1183056089724561,0.1992691993641779,0.1992691993641779,450,15.694,1.163,373789.273,0.065,2.242,0.774,0.096,8.551,0.4039152917830557,0.5103820943220504,,,False
413,61,0.0931819491660939,0.155347305073283,0.1606271006928271,451,28.712,1.014,552197.314,0.078,2.013,0.623,0.084,1.1,0.2903566217774192,0.7031849170512579,,,False
414,31,0.0716175431445824,0.1057841189451638,0.1304214175695885,452,26.703,1.039,265324.061,0.073,2.308,0.725,0.094,8.982,0.4490158692515121,0.6446696791916979,,,False
415,21,0.0326525073824451,0.0340052074562189,0.1304214175695885,453,21.86,1.146,132808.663,0.165,1.272,0.768,0.151,8.045,0.2159437202061374,0.6164760872386801,,,False
416,69,0.1433108999309187,0.3356545075616406,0.3356545075616406,454,16.266,1.07,675061.097,0.073,1.375,1.057,0.042,1.277,0.282978807038887,0.5662054569209927,,,False
417,41,0.0799736204116867,0.1238851128771672,0.1304214175695885,455,29.206,1.076,383034.677,0.196,1.887,1.021,0.11,6.347,0.3368954679947706,0.4708143296517926,,,False
418,21,0.0587762305499885,0.0642315995895047,0.1304214175695885,456,15.923,1.048,143934.192,0.141,1.86,1.02,0.127,9.547,0.1879942385548758,0.609748567913621,,,False
419,31,0.0635806611542101,0.0699331741474328,0.1304214175695885,457,15.969,1.114,260079.09,0.236,1.241,0.994,0.091,4.75,0.1655141040451698,0.8309269119761593,,,False
420,61,0.1045434222652249,0.2004560755507561,0.2004560755507561,458,18.043,1.134,515865.67,0.201,1.288,1.162,0.079,6.323,0.2559650468007456,0.7949748123584854,,,False
421,41,0.0699854341342229,0.1058014453536235,0.1304214175695885,459,17.602,1.016,345776.608,0.158,1.786,0.377,0.049,3.164,0.1827235939499929,0.6462703829251932,0.1648876696460363,0.1497250545442814,True
422,21,0.040540798608202,0.0399137632498065,0.1304214175695885,460,17.577,1.162,118368.647,0.133,0.963,1.013,0.186,8.38,0.1937170123837807,0.5528630491000203,,,False
423,31,0.0626383562345133,0.0896601814329334,0.1304214175695885,461,17.752,1.031,292542.202,0.24,1.991,0.893,0.079,9.603,0.2334756188561438,0.8500762094545732,,,False
424,61,0.1056618386344276,0.2038314066105858,0.2310670986124823,463,29.697,1.075,554779.187,0.123,1.258,0.303,0.069,4.812,0.3191229014973822,0.5098596785188985,,,False
425,21,0.041436716356857,0.0372725910890443,0.1304214175695885,464,16.741,1.073,101993.408,0.151,2.141,0.585,0.031,3.69,0.2267695485940823,0.7160634247841405,,,False
426,41,0.0791127495789859,0.1097744921869153,0.1304214175695885,465,28.948,1.091,399077.079,0.167,2.294,0.53,0.086,9.808,0.3316773566512477,0.5040866380483521,,,False
427,41,0.0748688937007869,0.1017528388239955,0.1304214175695885,466,19.812,1.038,351030.375,0.056,1.906,1.135,0.19,7.844,0.367734624407143,0.6023587758036875,,,False
428,31,0.0596463984007927,0.0829502239100601,0.1304214175695885,467,25.701,1.057,298926.93,0.081,1.076,0.356,0.131,1.82,0.2283198035244726,0.5130404659010048,,,False
429,61,0.1042319877347042,0.1903656764136718,0.1951794297618191,468,25.452,1.147,558675.511,0.189,1.421,0.292,0.155,4.588,0.2273488098827057,0.5496283189991343,,,False
430,21,0.0582395529308605,0.0655661358005451,0.1304214175695885,469,23.099,1.144,150152.7,0.118,1.131,0.637,0.287,1.634,0.1223642683870999,0.6790938316542786,0.0729843464918074,0.0740527535285326,True
431,21,0.047710120183007,0.0595250867531103,0.1304214175695885,470,19.39,1.042,185449.849,0.224,1.388,1.147,0.037,3.628,0.2012167850752543,0.80142990022821,,,False
432,21,0.0732007288377373,0.074622922510158,0.1304214175695885,471,15.136,1.036,165991.339,0.123,2.088,0.331,0.199,4.95,0.1400401756939926,0.7927751665008828,,,False
433,21,0.0582523427470308,0.0608026494120528,0.1304214175695885,472,17.875,1.139,146625.394,0.174,1.504,0.721,0.259,3.537,0.1477334742289559,0.4979491862491105,,,False
434,69,0.1464519103745226,0.3613741606734297,0.3613741606734297,473,28.483,1.019,685084.726,0.158,2.315,1.188,0.303,3.915,0.4438776026007451,0.4636236250072552,,,False
435,61,0.159392198878312,0.4140705467655388,0.4140705467655388,474,21.462,1.18,544375.781,0.095,2.114,1.196,0.0,2.537,0.3124645167763873,0.6557408899442118,,,False
436,61,0.1006153324619223,0.1344267250945392,0.1976729123753921,475,28.808,1.098,509345.027,0.242,1.356,0.62,0.045,6.696,0.3125400617854042,0.7768753774444411,,,False
437,61,0.1034693748137784,0.2025623681347955,0.2206164464586764,476,29.2,1.153,590708.098,0.18,1.121,1.074,0.107,4.671,0.3337818911006913,0.6479021657254677,0.1409638775858037,0.1653180864961216,True
438,51,0.086271745462447,0.1133309543603196,0.1559649427501479,477,18.329,1.084,423997.033,0.186,1.909,0.464,0.293,8.646,0.2423853041312006,0.6700153943852941,,,False
439,69,0.1043754809130959,0.2281790767531432,0.2281790767531432,478,27.521,1.198,631775.87,0.084,2.392,0.899,0.207,5.058,0.363486769687563,0.6803763263487264,,,False
440,21,0.0648745557387897,0.0785635148719491,0.1304214175695885,479,15.879,1.018,156940.849,0.064,2.061,0.75,0.022,2.751,0.2684103655580588,0.5235136560901051,,,False
441,51,0.0877052902894324,0.1209698321942636,0.1638674496959378,480,26.601,1.021,492080.426,0.184,2.094,0.944,0.132,8.545,0.2960100511088898,0.4675141503290644,,,False
442,69,0.1088509861881749,0.2884731282190291,0.2884731282190291,481,22.568,1.064,672104.043,0.109,1.876,0.351,0.122,1.987,0.1627648706995467,0.7331584978402265,,,False
443,61,0.0785886540513062,0.1236907353166334,0.1369991481408881,482,23.369,1.09,500708.966,0.113,2.296,0.982,0.199,6.857,0.3040675796565933,0.5835970762347238,,,False
444,61,0.1219130036899646,0.2680249297238467,0.2680249297238467,483,23.212,1.057,564547.202,0.06,2.257,0.992,0.327,4.429,0.4371818267339868,0.4824047771710926,,,False
445,51,0.0777500656231948,0.0962607480189274,0.1325038809091255,485,18.644,1.032,441449.795,0.219,1.14,0.258,0.046,8.508,0.2448818654087315,0.8121239842674027,,,False
446,61,0.1002023563851526,0.1685590379000583,0.2060963157187311,486,16.958,1.062,524224.086,0.226,1.07,0.25,0.033,6.504,0.2632699331055472,0.8400134543509186,,,False
447,21,0.0387253521815226,0.0419048464532095,0.1304214175695885,487,26.04,1.056,134378.462,0.192,1.213,0.945,0.172,5.792,0.2365592662070408,0.5303859814228892,0.0523982148376354,0.0540784313385017,True
448,61,0.1042540348723233,0.1665087878670644,0.199594116230927,488,25.676,1.181,522987.573,0.131,2.352,1.062,0.228,3.874,0.3189960023221327,0.5694987206736782,,,False
449,69,0.1399863166828746,0.3741596449283547,0.3741596449283547,489,16.317,1.049,683759.474,0.078,1.013,0.741,0.314,8.475,0.340493825285319,0.6220359151373831,,,False
450,31,0.0576203994648441,0.0646850375205361,0.1304214175695885,490,27.979,1.179,234676.248,0.164,1.146,0.497,0.117,5.45,0.2365839979141947,0.4592106204399794,,,False
451,61,0.0853559671848809,0.1605378508466641,0.1680258253216095,491,27.903,1.14,578757.04,0.089,2.028,0.287,0.168,8.519,0.3619280745796204,0.5960449990105183,,,False
452,41,0.0808293923690218,0.1065443752698987,0.1304214175695885,492,20.384,1.199,314310.388,0.1,1.548,0.728,0.109,7.966,0.3852801947720853,0.469970010419009,,,False
453,69,0.1014028537256012,0.1739577615330728,0.1755138392668614,493,21.324,1.082,613080.161,0.122,1.855,0.634,0.247,6.086,0.1950165308888577,0.6798715546317715,0.1314499669307305,0.2000690081347633,True
454,41,0.0809097954258446,0.1251657439596525,0.161007380440678,494,20.935,1.111,397062.076,0.171,2.078,0.256,0.054,6.825,0.2386184652823066,0.5363304942596439,,,False
455,21,0.0436290027410039,0.0461452202653524,0.1304214175695885,495,17.555,1.042,136439.474,0.15,1.743,0.582,0.104,2.375,0.1296363637537926,0.7073489290682468,,,False
456,69,0.116230967750861,0.2420405210348862,0.2420405210348862,496,24.03,1.076,623465.187,0.181,1.847,0.93,0.074,4.906,0.3535995901296471,0.6205825100928384,,,False
457,61,0.1045878592130809,0.167304362723784,0.2002856370337693,497,20.342,1.182,506561.951,0.156,1.376,0.924,0.253,7.188,0.3224397681528877,0.5031672542627988,,,False
458,69,0.1236923336904424,0.2819988706272031,0.2819988706272031,498,19.791,1.052,661240.112,0.21,2.312,0.827,0.194,7.385,0.2811357286384393,0.706193935995892,0.2279944359713284,0.2830854542587534,True
459,69,0.1251469155979845,0.275752649680063,0.275752649680063,499,25.538,1.16,657349.589,0.237,1.219,0.648,0.177,7.139,0.320052620591909,0.5267815130137008,,,False
460,51,0.0839285346094767,0.1297809439086572,0.1414257461589214,500,21.513,1.016,418643.617,0.239,2.275,1.115,0.011,5.776,0.374118668061888,0.5868633803922076,,,False
461,61,0.1021637162827954,0.1601330957389943,0.1817560782168911,501,16.857,1.058,517483.242,0.246,1.036,0.404,0.178,1.981,0.1319279264321793,0.8715686665687231,0.1742887436415767,0.2271921577886208,True
462,51,0.0923602174698661,0.1520778849938782,0.162168719102844,502,21.024,1.099,463120.271,0.204,1.95,0.428,0.077,9.159,0.2015678582085476,0.6491499113951448,,,False
463,21,0.041887496296323,0.0399683430802586,0.1304214175695885,503,18.649,1.026,138924.546,0.183,1.094,0.978,0.224,5.133,0.1931324638348956,0.601865787392801,,,False
464,61,0.1031458661093271,0.2223439783733544,0.2613436157263267,504,17.58,1.056,596496.616,0.211,2.391,1.075,0.143,9.4,0.1885964323648055,0.9026297647190248,,,False
465,51,0.0865876945084836,0.123514094906931,0.1308066770660699,505,29.028,1.108,416433.906,0.149,1.341,0.319,0.052,3.943,0.2954438167285966,0.5417892463312843,,,False
466,41,0.0764765653703004,0.1118602331488945,0.156225991577071,506,21.314,1.008,321809.923,0.184,1.769,0.543,0.059,9.325,0.3018994897947107,0.6946958525241537,,,False
467,21,0.0353593642884221,0.0439600590681298,0.1304214175695885,507,23.605,1.053,182590.621,0.11,1.56,0.82,0.236,4.51,0.2558599491535003,0.6660556143461172,,,False
468,41,0.0780666365465345,0.0967041528756641,0.1304214175695885,508,29.127,1.171,347983.787,0.104,1.96,0.526,0.179,6.517,0.4054418186075734,0.4816150563427164,,,False
469,51,0.0885035161284082,0.1503985694088774,0.1623760182422254,509,20.991,1.185,479243.914,0.107,1.514,0.953,0.153,7.729,0.3644297880201108,0.5173728207948578,,,False
470,41,0.0767515789034735,0.097081947554265,0.1400820531688472,511,22.132,1.094,388999.114,0.128,1.296,0.282,0.304,8.954,0.2189960531852116,0.6164822697532703,,,False
471,41,0.0720149828006725,0.1036116269073228,0.1304214175695885,512,25.362,1.129,349948.808,0.053,1.242,0.694,0.164,3.37,0.3788411457769815,0.4143777906751759,,,False
472,21,0.0540753023988186,0.0633744596371215,0.1304214175695885,513,26.538,1.091,189691.453,0.14,1.545,0.448,0.12,4.771,0.220518952762827,0.6466493960759022,,,False
473,61,0.10835701581989,0.1637875262426772,0.2148467117350475,514,28.725,1.084,507218.765,0.189,1.802,0.661,0.01,5.741,0.37358580055772,0.6945215473668023,,,False
474,51,0.0958920063032955,0.1509810505704578,0.186511848031753,515,20.531,1.148,465700.698,0.173,1.072,0.389,0.294,7.896,0.2921573531277369,0.5164607273744714,,,False
475,51,0.0771788395902933,0.1079164389331533,0.1320324607779286,516,16.991,1.088,455603.58,0.236,1.49,0.264,0.212,9.759,0.1767113118363404,0.8062134429907235,,,False
476,41,0.0775438158107812,0.1216850624916265,0.1304214175695885,517,27.158,1.053,363406.7,0.233,1.557,0.873,0.064,9.63,0.3544801073017058,0.7650316464064633,,,False
477,31,0.0632294988836145,0.0734452171104554,0.1304214175695885,518,28.769,1.063,216427.219,0.204,2.063,0.845,0.061,3.404,0.2406224181197081,0.5145408666174626,,,False
478,51,0.0704742713164875,0.1042715417635058,0.1304214175695885,519,28.565,1.036,483621.63,0.152,1.549,0.35,0.126,2.606,0.1612409321679449,0.4263696589977732,,,False
479,51,0.0955395167333894,0.1300607773638367,0.1668374373006016,520,28.677,1.132,409189.24,0.103,0.98,0.504,0.253,8.988,0.3019569747642751,0.6791726510670327,,,False
480,31,0.0582918177529722,0.0728484849026299,0.1304214175695885,521,17.299,1.061,256674.974,0.207,1.123,0.524,0.09,8.239,0.179170937352982,0.7967554960663322,,,False
481,51,0.0906251087005872,0.1365190450287963,0.1619563815807685,522,19.543,1.131,426581.295,0.106,2.034,0.683,0.194,4.932,0.2573778347929322,0.7271044222111787,,,False
482,21,0.0568987411366161,0.0580198711596244,0.1304214175695885,523,16.938,1.133,128726.63,0.227,1.505,1.089,0.167,1.864,0.1343521527833014,0.8487823258005626,,,False
483,21,0.0348794355138338,0.0417699725727972,0.1304214175695885,524,20.818,1.026,151349.645,0.07,1.732,1.151,0.22,2.499,0.1545152576538157,0.6580789323676836,,,False
484,61,0.1022300581084597,0.1799530347620043,0.1887790764225836,525,18.027,1.142,559689.843,0.069,1.053,0.363,0.183,1.057,0.188314674989997,0.7163758508310585,,,False
485,21,0.0389693273667854,0.0487752893832342,0.1304214175695885,526,22.683,1.059,186865.911,0.24,2.128,1.135,0.196,4.054,0.2005119915543404,0.6041855909484057,,,False
486,61,0.0961145976422006,0.1514313583762996,0.182857521849387,527,24.288,1.091,507959.367,0.227,1.575,0.78,0.063,7.028,0.3362084539047313,0.6608255045258864,,,False
487,41,0.0683113256961724,0.11694677189383,0.1304214175695885,528,25.125,1.087,391087.786,0.068,1.821,0.846,0.062,1.194,0.3655136617322801,0.4992627730474226,,,False
488,21,0.063371664609555,0.0664324402803393,0.1304214175695885,529,17.331,1.169,176166.897,0.202,2.132,0.297,0.286,9.983,0.2189054502774217,0.6870025948224435,,,False
489,41,0.0685043541123949,0.0963976327953243,0.1304214175695885,530,28.545,1.044,324961.301,0.134,1.157,0.443,0.021,2.908,0.2827671363379606,0.548436709452171,,,False
490,31,0.0659372101999323,0.0890941914119172,0.1304214175695885,531,26.484,1.118,294130.643,0.156,2.032,1.079,0.085,7.535,0.3400791873748705,0.4112772141228227,,,False
491,61,0.1049576259190989,0.1659400557018098,0.180923254340197,532,16.104,1.156,514984.831,0.182,2.348,0.467,0.145,1.916,0.2355451738141267,0.7099050575170405,,,False
492,31,0.0549147291852208,0.0639980630478494,0.1304214175695885,533,20.884,1.05,247090.028,0.102,1.314,0.997,0.272,4.069,0.2631791386848284,0.644370200412763,,,False
493,61,0.0795633635312204,0.1147955914752885,0.1304214175695885,534,28.013,1.035,528130.833,0.176,2.107,0.804,0.241,9.671,0.2724025069539316,0.6144824539408746,,,False
494,41,0.0727240728464792,0.1248884177464302,0.1304214175695885,535,18.873,1.145,358020.221,0.224,1.957,1.008,0.054,3.575,0.2381543773071872,0.8203210882992527,,,False
495,69,0.0997072189418914,0.1779875922512264,0.1779875922512264,536,27.366,1.142,620528.266,0.186,1.579,0.663,0.231,7.786,0.2602425401420681,0.5968603717916513,,,False
496,61,0.0998582159475156,0.1502231765164007,0.2017780364024204,537,18.772,1.013,535730.523,0.105,1.115,0.632,0.238,2.668,0.1805991163898008,0.7896382071691658,,,False
497,61,0.0849600657394725,0.1471871873234384,0.1648595380328986,538,23.133,1.168,502146.991,0.132,1.224,0.671,0.207,9.213,0.2643386541510412,0.5242770543145909,,,False
498,31,0.0646363413727401,0.0795253910619454,0.1304214175695885,539,29.911,1.157,246550.085,0.241,1.695,0.478,0.096,1.299,0.2186935703942704,0.8909889941070791,,,False
499,21,0.0503413903806356,0.0472959108957442,0.1304214175695885,540,26.786,1.085,108265.097,0.068,2.149,0.285,0.107,6.645,0.436388627909112,0.5579957519457617,,,False
500,21,0.0563297314656071,0.0589888846091969,0.1304214175695885,541,29.976,1.03,140221.923,0.213,1.87,0.533,0.072,7.572,0.260588601368507,0.6455479460106488,,,False
501,61,0.121939339422919,0.264064422739581,0.264064422739581,542,21.338,1.089,584973.57,0.243,1.102,0.729,0.048,9.101,0.281259277487972,0.8054419597977239,,,False
502,21,0.0658026790491796,0.0710438705868153,0.1304214175695885,543,15.542,1.05,148860.392,0.162,2.363,1.073,0.146,4.734,0.1861084706943021,0.7549830927785247,,,False
503,51,0.0935601953100706,0.1576074145572018,0.1595111677908632,544,25.841,1.177,435683.834,0.166,1.542,1.155,0.112,6.481,0.3411083641806918,0.6413427244778637,,,False
504,51,0.0728981042514567,0.1110361995920595,0.1395429255804915,545,22.229,1.052,475115.032,0.187,1.28,0.362,0.087,4.353,0.19928226543865,0.6691213449481767,,,False
505,61,0.1006609347118236,0.1923947810127687,0.2215437552458653,546,16.834,1.132,590827.4,0.192,1.918,0.893,0.166,3.607,0.1583752071858564,0.479277783322304,,,False
506,51,0.0939974728610461,0.1325952029139656,0.136764143960929,547,15.84,1.152,450624.332,0.059,1.394,0.519,0.159,4.991,0.3050069585238,0.5671884210915196,,,False
507,41,0.0718268025220815,0.0823840938712045,0.1304214175695885,548,23.171,1.16,336362.47,0.171,2.377,0.515,0.255,1.37,0.2294580262061105,0.3648323780249382,,,False
508,61,0.0931761157621355,0.146495414473164,0.1876955344727754,549,27.351,1.065,520676.179,0.13,1.088,0.306,0.007,1.877,0.2821221573091648,0.5907773430869936,0.2897634024623475,0.3370771961558621,True
509,41,0.0797582345576028,0.0863426060660219,0.1304214175695885,550,15.384,1.078,309909.664,0.185,0.968,0.496,0.113,1.702,0.1215514401637375,0.9795594385741544,,,False
510,21,0.035560297748423,0.0317353805591118,0.1304214175695885,551,23.555,1.199,111501.137,0.142,1.998,0.751,0.072,9.084,0.3701912453956602,0.4921662621328901,,,False
511,51,0.0844763048140622,0.1249505837562661,0.1440586685218173,552,20.506,1.066,446352.877,0.151,1.955,1.101,0.207,4.998,0.2202714342448449,0.5485248008321478,0.1251253299462881,0.1146867821673253,True
512,41,0.0906805528920681,0.1070756639456576,0.1304214175695885,553,15.275,1.129,365359.276,0.224,1.449,0.672,0.188,9.119,0.1823563900830946,0.6961952902881731,,,False
513,69,0.1206285071536961,0.2465261957625122,0.276433393419298,554,18.505,1.062,619687.484,0.163,2.217,0.983,0.032,3.44,0.2245342774561209,0.7363525944537176,,,False
514,21,0.0442328282409784,0.0459505485584382,0.1304214175695885,555,26.22,1.145,124244.786,0.201,1.716,1.098,0.284,9.649,0.3005701394192894,0.5832162298288893,,,False
515,51,0.0940941903439703,0.1409788504063523,0.1727777802605849,556,23.962,1.15,469377.327,0.059,1.176,0.41,0.32,8.607,0.5593864813607663,0.4727047835458652,,,False
516,61,0.0940856739338585,0.1618047582072702,0.1791805643637556,557,22.742,1.155,561765.841,0.083,2.081,0.327,0.243,8.001,0.3544671859170313,0.6775718842166923,,,False
517,61,0.0909223559120538,0.1461935406227705,0.1892836052814806,558,25.145,1.104,582436.818,0.076,1.336,1.036,0.194,9.259,0.3816157867562466,0.609259388893395,,,False
518,69,0.1114271869464789,0.2462646192972894,0.2462646192972894,559,21.649,1.017,644339.098,0.187,1.564,0.934,0.079,3.707,0.2602363371598089,0.643123428084198,,,False
519,21,0.0414724301707932,0.0478763121248188,0.1304214175695885,560,18.202,1.081,173299.889,0.183,1.181,1.184,0.162,7.163,0.1662721650650909,0.7523863903557526,,,False
520,51,0.0856049213070372,0.1288360546070631,0.1304214175695885,561,28.929,1.081,457485.431,0.207,0.976,0.784,0.114,5.062,0.2463438909737973,0.7332899474312061,0.1275339332447145,0.1184969449448184,True
521,21,0.0348945667392477,0.0408764943265438,0.1304214175695885,562,21.381,1.08,165393.434,0.099,1.171,0.626,0.218,9.776,0.2855853089055279,0.6295990741707599,0.064469552438604,0.0753114487475092,True
522,21,0.0332827127011265,0.0310332008925744,0.1304214175695885,563,19.603,1.182,112588.187,0.149,1.532,0.972,0.182,4.319,0.2979454474176967,0.6636712616285014,,,False
523,41,0.0716545832698333,0.1274272295690884,0.1304214175695885,565,22.372,1.074,310102.381,0.068,2.283,0.813,0.013,2.364,0.3046738164685796,0.7024276999365489,,,False
524,31,0.0682990170014284,0.0821893384598993,0.1304214175695885,566,26.329,1.179,200788.219,0.221,1.502,0.607,0.165,1.083,0.240301179756558,0.7983314350617062,,,False
525,69,0.1571837886885681,0.3210650580833989,0.3210650580833989,567,19.838,1.077,606313.775,0.178,1.524,1.078,0.038,7.373,0.3358777927387084,0.6287315428396093,,,False
526,41,0.0903585012472662,0.115343830146274,0.1304214175695885,568,15.41,1.107,395030.446,0.062,2.133,1.002,0.21,7.166,0.277154227275118,0.559270427069815,,,False
527,21,0.0424342298715404,0.0411668771558268,0.1304214175695885,569,26.755,1.093,117081.09,0.125,1.885,0.257,0.017,1.673,0.211537926252743,0.8638782804910322,,,False
528,69,0.1113681926015834,0.1665827134185181,0.2066904432784698,570,27.937,1.106,601548.304,0.137,1.766,0.414,0.306,5.212,0.3269560607919548,0.6487632630738952,,,False
529,41,0.0997950876061222,0.1240899023360697,0.1473038088151091,571,29.956,1.195,359573.689,0.171,1.752,1.043,0.33,2.683,0.4796518854704312,0.6944020824267435,,,False
530,61,0.1262589955821263,0.2326169631370832,0.2326169631370832,572,16.188,1.09,543475.033,0.151,1.454,0.629,0.324,5.046,0.2879033560510156,0.5351753135095827,,,False
531,31,0.0569131246990291,0.0645407045146009,0.1304214175695885,573,17.913,1.161,284694.725,0.144,1.077,0.393,0.215,4.438,0.2502210109617778,0.50587037928322,0.0891830971298112,0.0683100994041696,True
532,41,0.0738904988692123,0.0819289005828733,0.1304214175695885,574,17.254,1.194,334303.553,0.054,1.305,0.251,0.266,1.5,0.2528243153724174,0.6957081500638422,,,False
533,31,0.0616021969879117,0.0735363271896458,0.1304214175695885,575,19.692,1.141,211067.039,0.075,1.474,0.705,0.154,7.341,0.2495749652639065,0.3456149777774661,,,False
534,61,0.0938983622668325,0.1624378285194138,0.1865072427284662,576,24.387,1.197,502887.752,0.168,1.998,1.133,0.116,1.441,0.2181472319071709,0.742062134894077,,,False
535,21,0.0377356536871612,0.0339494150394575,0.1304214175695885,577,26.929,1.136,105397.869,0.107,1.976,0.489,0.135,2.876,0.224443498593397,0.7671741419147747,,,False
536,61,0.0823139726298235,0.1544745203829152,0.1544745203829152,578,28.273,1.1,576012.053,0.207,1.19,0.681,0.198,7.657,0.2725573017943096,0.6568343256178553,0.1251619254889356,0.1423159732449369,True
537,41,0.0820471065012109,0.1288289419534737,0.1313288445997918,579,26.563,1.068,348421.182,0.083,0.989,1.112,0.205,2.558,0.1628178884400651,0.7166096165241332,,,False
538,21,0.0261986497840224,0.0217570644773715,0.1304214175695885,580,25.289,1.129,106637.565,0.214,2.195,0.557,0.188,8.901,0.1983702644960586,0.7215321508320279,,,False
539,51,0.0844384840435073,0.1141857477853895,0.1304214175695885,581,29.141,1.028,424455.112,0.115,1.836,0.47,0.093,4.615,0.3134256111113732,0.5909648372132184,,,False
540,41,0.0628561432587766,0.1057420011627736,0.1304214175695885,582,24.915,1.112,349400.829,0.223,2.267,0.841,0.113,2.851,0.2133681860698928,0.6951792424369715,,,False
541,41,0.0786020627739394,0.109177450646236,0.1304214175695885,583,19.407,1.095,361145.892,0.165,1.47,0.571,0.155,9.64,0.1842510873184049,0.6589230651664244,,,False
542,61,0.1340992369216056,0.2616507781860258,0.2616507781860258,584,15.154,1.095,597451.432,0.249,1.476,1.083,0.228,6.718,0.2220810771293535,0.6703980816671615,,,False
543,21,0.0410329896093095,0.047653878950925,0.1304214175695885,587,19.067,1.055,180772.609,0.149,1.602,1.175,0.174,7.119,0.1828415925190063,0.67673133265702,0.0577093321077634,0.0562571366061887,True
544,41,0.0891496535588302,0.0991627356055982,0.137101742514769,588,15.336,1.082,382558.743,0.22,2.231,0.692,0.242,6.861,0.2155064057878104,0.6325488505258301,,,False
545,61,0.1140498023993602,0.2006742735540369,0.2006742735540369,589,18.473,1.015,572501.461,0.247,1.141,0.388,0.295,1.903,0.237247658339585,0.7013622206777717,0.2548251790465508,0.4314968881550861,True
546,69,0.1227685097775638,0.270268571399233,0.270268571399233,590,24.105,1.17,636370.476,0.121,2.067,1.07,0.238,3.478,0.3656465811820281,0.5533067999978427,,,False
547,31,0.0590846928917388,0.0732851483201872,0.1304214175695885,591,26.188,1.139,234214.603,0.215,1.763,0.956,0.211,5.523,0.3126625895660051,0.6374705857872184,,,False
548,21,0.0671863741559261,0.0690180962709151,0.1304214175695885,592,17.28,1.13,137656.935,0.097,2.187,0.713,0.299,5.317,0.2399108649412874,0.6634637852205985,0.1140410700016378,0.0957762769474353,True
549,41,0.0686816321658924,0.08015611407242,0.1304214175695885,593,25.329,1.146,326295.379,0.189,1.578,0.241,0.276,4.085,0.292237995188859,0.4675481944880939,,,False
550,51,0.0825149264008687,0.122811406523566,0.1304214175695885,594,18.784,1.088,416878.36,0.073,1.411,1.033,0.134,6.821,0.3097175845348842,0.575722542324088,,,False
551,51,0.0823468187022995,0.1235263182494256,0.1743991230400748,595,27.686,1.133,487779.817,0.086,1.327,0.481,0.032,2.281,0.2945088127344025,0.426175518845468,0.1120882203788031,0.131665896582263,True
552,61,0.106588275316378,0.1653596430179196,0.1785545267691772,596,15.794,1.193,540018.479,0.075,2.03,1.088,0.267,7.93,0.3183027287211683,0.7788937253530169,,,False
553,41,0.076690315208633,0.1435668328169024,0.1435668328169024,597,25.165,1.111,370111.895,0.146,2.024,1.139,0.081,8.368,0.3494575014769767,0.5443212869381808,0.1253748579925213,0.1269915589670898,True
554,31,0.0637702151698009,0.0827798991249307,0.1304214175695885,598,18.75,1.131,272437.282,0.241,1.546,0.276,0.002,6.258,0.2390837190568843,0.8809731019765529,,,False
555,69,0.1141855311706073,0.2246270780314184,0.2246270780314184,599,21.052,1.154,652539.63,0.131,1.879,0.407,0.263,9.924,0.3117190242950365,0.6929927840185616,,,False
556,21,0.0569038359598798,0.0609116457254958,0.1304214175695885,600,25.383,1.127,132004.483,0.112,1.066,1.066,0.323,2.115,0.2978027503229611,0.766848202918551,,,False
557,21,0.0343008269810388,0.0411855079315067,0.1304214175695885,601,22.166,1.032,143371.21,0.229,2.265,0.731,0.065,1.49,0.2043262524686857,0.776999012707185,,,False
558,41,0.0806453908523547,0.1012353992121456,0.1304214175695885,602,29.449,1.173,343579.672,0.19,1.747,0.375,0.269,7.36,0.4056882716781,0.3504264025346253,,,False
559,51,0.0973589445962381,0.1372388949485623,0.1734453449216564,603,17.29,1.137,467211.088,0.238,1.002,1.179,0.281,4.979,0.2599949295824599,0.524656889431607,,,False
560,21,0.0628068170071348,0.0689995761175134,0.1304214175695885,604,29.892,1.169,190568.657,0.179,1.81,0.554,0.043,8.251,0.2704305753455881,0.5372351343378502,,,False
561,41,0.0861763679979251,0.09841941502594,0.1304214175695885,605,27.859,1.074,311368.693,0.208,1.897,0.706,0.329,9.07,0.4674200522269862,0.6023706064822355,0.1300367980728844,0.1485934775962011,True
562,51,0.1402537264982106,0.2684735047858689,0.2697394413022828,606,20.672,1.088,484857.829,0.089,1.207,0.961,0.018,5.234,0.5055062360622009,0.4886646073070042,,,False
563,31,0.0500504217491815,0.077968771366082,0.1304214175695885,608,24.861,1.019,289184.116,0.117,2.074,0.534,0.044,1.02,0.2314141364665232,0.759252819656128,,,False
564,69,0.1104045500418929,0.2002576628045427,0.2058970302651482,609,24.636,1.036,629204.898,0.178,1.451,0.483,0.294,8.069,0.3175890758191008,0.4628907257168967,,,False
565,41,0.0505381974488524,0.0701745600195497,0.1304214175695885,610,23.396,1.162,339913.733,0.216,2.33,0.993,0.097,3.257,0.2686689673424777,0.7631779284349645,,,False
566,41,0.0612645861134031,0.1083675255334256,0.1304214175695885,611,23.658,1.059,393430.243,0.124,1.147,1.132,0.149,1.782,0.2001051248943561,0.7323799751463854,0.0957364247532729,0.1099696396632294,True
567,31,0.0536829971520528,0.0760637178908192,0.1304214175695885,612,24.15,1.027,227393.167,0.074,1.555,1.096,0.021,1.349,0.3639343878718502,0.4640224331415438,,,False
568,21,0.0513518825435303,0.0591566248119785,0.1304214175695885,613,27.037,1.079,166504.024,0.176,1.968,0.549,0.05,3.302,0.2260103432392619,0.6493983914767825,0.080354442990304,0.0706237031839694,True
569,61,0.1212591416000582,0.1885525876660549,0.1950519678817826,614,29.999,1.013,530107.626,0.175,2.077,0.255,0.035,6.735,0.3861328716431719,0.8457051933660427,,,False
570,69,0.116879626857469,0.2813775386594964,0.2813775386594964,615,18.729,1.03,648221.698,0.071,1.166,1.19,0.157,3.839,0.3114880903289748,0.5593519939883328,,,False
571,69,0.1286715375143697,0.3330906251165758,0.3330906251165758,616,21.442,1.041,681446.251,0.147,1.603,0.758,0.048,2.89,0.2016754667790093,0.6403706766789113,,,False
572,69,0.1370417003915857,0.2572676230391907,0.2858701878525859,617,29.848,1.193,664657.621,0.18,1.061,0.558,0.214,1.425,0.2266056047345757,0.7669960111486288,,,False
573,51,0.1077860005245353,0.1615173843537183,0.1654268855227385,618,26.985,1.037,495148.583,0.244,1.459,0.976,0.322,8.762,0.4300154868656988,0.5583928666562913,,,False
574,51,0.0975124044537626,0.1650863924288602,0.201284732214093,619,24.546,1.191,477004.609,0.09,1.016,0.426,0.3,9.734,0.4130904865395649,0.4971901218456728,,,False
575,21,0.0486659369871119,0.0514380138750109,0.1304214175695885,620,16.592,1.041,148435.353,0.11,1.783,0.734,0.142,3.121,0.1152956497946903,0.548269751930176,,,False
576,31,0.0624887512643074,0.0654270535357101,0.1304214175695885,621,15.931,1.084,251498.702,0.1,1.627,0.318,0.2,4.969,0.1529565714059433,0.8122621439997848,,,False
577,21,0.0677898659303812,0.0672795918662908,0.1304214175695885,622,15.498,1.033,144565.742,0.088,1.277,0.592,0.246,5.765,0.1812194519837901,0.8322451557802804,0.1039900904854263,0.1300474037649909,True
578,61,0.1012622084923301,0.1384964609699173,0.1704786548565847,623,27.172,1.103,513536.234,0.246,1.983,1.177,0.286,6.748,0.3611672751067814,0.3194758055009524,0.1990357000838089,0.2603474356099652,True
579,69,0.1273550668225937,0.2694248905451719,0.2803656841898909,624,25.905,1.118,698654.078,0.132,1.04,1.051,0.221,6.935,0.2735923556272567,0.591480711480733,,,False
580,69,0.1267736356962607,0.2630411067443527,0.2630411067443527,625,26.529,1.16,627323.419,0.173,1.921,0.941,0.195,9.946,0.3188789171512237,0.6385794851733957,0.1959630445571398,0.1577920013727393,True
581,69,0.1216866740471598,0.2083442678126642,0.2239770463360401,626,26.291,1.063,640362.016,0.072,1.621,0.855,0.227,3.027,0.337746695145694,0.5131208452825715,,,False
582,61,0.1184192526529316,0.1807377489451793,0.2171493014574713,627,20.454,1.118,523808.089,0.062,1.589,0.329,0.313,2.177,0.1880716178344571,0.4242613799420752,,,False
583,61,0.1027699526389017,0.1435478756225996,0.1912474724772903,628,29.937,1.133,503259.846,0.24,1.35,0.894,0.201,6.22,0.2849716579830481,0.548779160012013,,,False
584,31,0.0628420086048285,0.0886590310472064,0.1304214175695885,629,21.418,1.01,239844.072,0.145,2.212,1.084,0.022,5.153,0.3523505245191587,0.4507412099375337,0.1216226647030186,0.128399608106203,True
585,51,0.0827419221868848,0.1375972660148743,0.1648138301761242,630,25.506,1.012,400378.601,0.126,0.989,0.487,0.25,9.218,0.2859062042965435,0.8230919158181919,0.1956817218042539,0.2276540644570604,True
586,21,0.0396487473063677,0.0485756410646843,0.1304214175695885,631,22.008,1.021,139084.033,0.215,2.255,0.317,0.024,6.054,0.2976921169973106,0.6891460754690117,,,False
587,61,0.1023757891373248,0.1709986056055405,0.1920829454922217,632,21.345,1.186,538562.003,0.132,2.142,0.821,0.271,5.867,0.3689584868502884,0.5225643649741707,,,False
588,31,0.0793948904309359,0.0834599981933113,0.1304214175695885,633,15.369,1.136,279922.096,0.084,1.112,0.455,0.229,3.868,0.1833512838111936,0.6249833323314191,,,False
589,41,0.0639113095131342,0.0797256313097179,0.1304214175695885,634,17.039,1.078,303524.327,0.235,1.103,0.919,0.133,3.653,0.1726999919052247,0.6841978641921989,,,False
590,61,0.1156852323916907,0.1932261200644648,0.2324346818602497,635,26.102,1.097,571688.226,0.184,1.718,0.46,0.061,2.994,0.2098401129848585,0.6794249806783682,0.1654612608901549,0.1716989560776442,True
591,41,0.071914686312243,0.1049478996812171,0.1304214175695885,636,18.943,1.192,379565.874,0.082,1.987,0.86,0.118,3.455,0.2786304856485138,0.6539298208707651,,,False
592,31,0.0467003976300168,0.0541575729660789,0.1304214175695885,637,22.601,1.198,292798.647,0.105,1.017,0.928,0.083,4.196,0.3033102533092851,0.5794738878573239,,,False
593,51,0.1101564219892693,0.1438134006155131,0.1756889003031765,638,29.51,1.116,422375.02,0.077,1.97,0.883,0.33,8.847,0.4402454547761253,0.6602945380875976,,,False
594,21,0.0250657645895246,0.0214242199750836,0.1304214175695885,639,20.617,1.063,107606.506,0.058,2.099,0.988,0.158,1.267,0.2026664582457243,0.6365065118160121,,,False
595,41,0.081670274958359,0.1109779011638718,0.1304214175695885,640,17.011,1.175,323562.919,0.054,1.801,0.817,0.121,7.277,0.4491024573839307,0.5209984984907451,,,False
596,69,0.1202521642540157,0.2513511371150011,0.2513511371150011,641,18.367,1.146,649854.233,0.164,1.537,0.726,0.262,9.339,0.2660012430013913,0.6303819165765904,,,False
597,31,0.0683003175345,0.1002216982241791,0.1304214175695885,642,18.309,1.044,237941.297,0.085,2.079,1.099,0.02,3.85,0.4124494162157067,0.4830896647719764,0.1151718238991244,0.1433128516429376,True
598,61,0.1221043715831666,0.2513904736595954,0.279071451595164,643,24.79,1.189,550857.627,0.222,1.129,0.495,0.004,1.725,0.2477077465889129,0.9304469127310264,,,False
599,69,0.1340722727650135,0.2663607296429773,0.2663607296429773,644,26.693,1.024,660417.646,0.178,1.448,0.347,0.278,2.511,0.2560223829776698,0.6088825984830302,,,False
600,69,0.1460113798050777,0.2880880261426696,0.3259601643367636,645,27.186,1.001,692996.53,0.13,1.107,1.133,0.066,7.814,0.4541834710291024,0.3853748723289625,0.3489605008735084,1.1427396758315054,True
601,41,0.0643012323729145,0.0977674161096203,0.1304214175695885,646,25.084,1.09,333549.555,0.097,1.573,0.856,0.216,7.976,0.3722042857607704,0.4807260347512449,,,False
602,51,0.0885245519227344,0.1147819900369342,0.1496000858072353,647,29.234,1.151,409918.578,0.16,2.249,0.441,0.265,4.048,0.3076461360102995,0.533467588776197,,,False
603,41,0.0722086849397756,0.1676426008264553,0.2038571398777272,649,18.112,1.005,332479.332,0.227,1.401,0.472,0.059,2.313,0.1463679908436578,0.8400511903477236,,,False
604,69,0.1303257158688513,0.3423543457539272,0.3423543457539272,650,27.116,1.165,646310.215,0.22,1.393,0.463,0.045,9.456,0.390830720772854,0.5794390195026542,,,False
605,31,0.0506614198700044,0.062231492326297,0.1304214175695885,651,23.913,1.12,281977.666,0.139,2.065,0.805,0.209,3.016,0.1700339602356476,0.6772503889282515,,,False
606,31,0.0883257795646514,0.1087282720051611,0.1304214175695885,652,26.443,1.04,220336.146,0.093,2.362,0.717,0.318,1.451,0.2263797863939106,0.7042700653668527,0.1282684052470987,0.2008274469773807,True
607,31,0.0561795133520805,0.0748514132391403,0.1304214175695885,653,17.906,1.023,290033.047,0.115,1.567,0.424,0.153,6.549,0.2090255441006289,0.6825763982159765,,,False
608,69,0.1246038529218678,0.2406049421662973,0.2406049421662973,654,21.247,1.14,697981.768,0.228,1.137,0.788,0.296,3.811,0.286989288152582,0.3363517755589622,,,False
609,31,0.0501728633832378,0.0684268749158958,0.1304214175695885,655,21.188,1.049,268949.096,0.219,2.06,0.703,0.234,9.114,0.2217594765791734,0.6658950387998073,,,False
610,61,0.088535938279638,0.1571496766912749,0.1633593725941953,656,22.607,1.092,501320.705,0.094,1.359,0.345,0.112,9.559,0.3673949543216055,0.439372599581132,,,False
611,51,0.0731809190573389,0.1292818286679673,0.1304214175695885,657,22.319,1.13,408636.791,0.093,2.225,0.85,0.123,5.179,0.2878590875078701,0.5955366700772081,,,False
612,51,0.0752950222803352,0.1371563973152458,0.161836667309693,658,23.421,1.154,489299.887,0.23,2.302,0.292,0.151,2.571,0.2758266897943909,0.4978631107948475,,,False
613,69,0.1364358743050671,0.1981951378080421,0.2561744450842254,659,17.408,1.041,620953.542,0.19,1.945,0.252,0.306,9.797,0.2732185797868174,0.9459740155591628,,,False
614,51,0.0866868912814153,0.1373279360438899,0.166605729804784,660,24.454,1.157,434921.754,0.163,1.236,0.499,0.252,7.368,0.266915178314438,0.474566277909534,,,False
615,41,0.0856039174946754,0.1086227741373675,0.1397936808562155,662,29.442,1.134,305261.889,0.067,1.928,1.136,0.26,8.324,0.4221178869429775,0.6831988587568559,,,False
616,41,0.0841484994603099,0.1086255450215227,0.1550066982244115,663,29.75,1.12,380509.176,0.198,1.149,0.596,0.236,5.534,0.2934809452790275,0.5845045062107704,0.1311193515883368,0.1276949305234431,True
617,61,0.1069950425917916,0.144074061395546,0.2796093519711601,664,22.049,1.004,515663.137,0.112,1.776,0.932,0.12,4.376,0.2997158969935861,0.5282067708303282,,,False
618,61,0.1095211842871283,0.1783150282126091,0.1810055850622354,665,15.717,1.127,526486.509,0.214,2.24,1.12,0.103,3.49,0.1580930658881035,0.6705793851949013,,,False
619,69,0.1199010708875996,0.2327028225071918,0.2327028225071918,666,18.242,1.125,624574.036,0.23,1.439,0.933,0.211,2.637,0.1728651838924354,0.5412531879628096,,,False
620,61,0.116752457618647,0.2438729000122769,0.2546379215780506,667,25.439,1.187,599862.051,0.142,2.383,0.947,0.143,7.013,0.3446203643768408,0.7359601434181978,,,False
621,21,0.0345729720824175,0.0387568274803748,0.1304214175695885,668,22.983,1.008,193568.516,0.223,1.635,0.666,0.103,2.004,0.2159916799172025,0.6957075267052764,0.0605168869847701,0.0675103872975583,True
622,51,0.1037350639127707,0.1408540957703205,0.1727685454673801,669,29.484,1.069,457739.451,0.181,1.901,0.533,0.304,5.141,0.3055255502589134,0.6144837323848948,,,False
623,21,0.0319301926530881,0.0386354451233016,0.1304214175695885,670,22.34,1.083,174253.046,0.075,1.326,0.299,0.22,4.657,0.2461902232801688,0.7262480318566736,,,False
624,51,0.0842837987518493,0.1367792649226448,0.1559010047579997,671,22.267,1.138,460498.465,0.1,2.161,1.191,0.258,3.589,0.274832063871322,0.6022867284795439,0.1076693610248165,0.1215126052092854,True
625,61,0.1054241575685501,0.197012693306453,0.2124705291383018,672,23.179,1.044,511051.073,0.069,2.038,0.365,0.034,5.289,0.5026618277716008,0.392654048574982,,,False
626,51,0.0688978608985217,0.094934508699725,0.1304214175695885,673,28.291,1.175,421321.584,0.072,1.178,1.106,0.133,4.128,0.4615514171780145,0.4455118182606095,,,False
627,51,0.1038738058936962,0.1587214697828986,0.2362993264560128,674,22.839,1.01,464125.195,0.155,1.995,0.752,0.309,4.412,0.3099659877452185,0.5304856059214712,,,False
628,51,0.0745847081734046,0.1009891648732434,0.1304214175695885,675,27.479,1.079,443488.118,0.174,2.223,0.549,0.23,6.59,0.2686213611977196,0.5892558545013182,,,False
629,51,0.0799572214547963,0.1347193824162121,0.1447565723305112,676,24.811,1.145,414133.266,0.194,1.675,0.602,0.07,1.798,0.1946648031040193,0.7688246798072392,,,False
630,41,0.0653554710750468,0.0818838863010486,0.1304214175695885,677,21.085,1.197,319008.004,0.072,1.411,1.05,0.282,5.395,0.3686598723938621,0.5291758233916735,,,False
631,21,0.0391484881206913,0.0437557882687107,0.1304214175695885,678,18.299,1.097,152156.001,0.159,2.176,0.423,0.092,3.182,0.1730137836029445,0.7240649047601494,,,False
632,69,0.2411136253037315,0.7300789489010109,0.7300789489010109,679,15.612,1.133,618168.89,0.117,1.027,0.843,0.001,3.395,0.2731894434143004,0.5281683350984753,,,False
633,69,0.1291304695675159,0.2288463940626891,0.2392526706364489,680,15.449,1.037,605227.813,0.232,1.237,0.853,0.159,2.297,0.159556819014043,0.699530483625235,,,False
634,31,0.0959601269424695,0.1773863930079658,0.1773863930079658,682,27.777,1.0,263166.336,0.104,1.826,0.328,0.306,1.007,0.2681598019890093,0.7706551235931883,,,False
635,21,0.0526043248563165,0.0549191546857658,0.1304214175695885,683,16.468,1.07,140892.688,0.185,1.615,0.714,0.213,7.005,0.1557070164084643,0.5476856772841725,,,False
636,69,0.1086682718720312,0.2208713085637326,0.2208713085637326,684,21.931,1.171,627634.777,0.113,1.023,0.673,0.247,8.201,0.3285331929182563,0.6186094570208834,,,False
637,31,0.0767420141811454,0.0895855113880158,0.1304214175695885,685,22.553,1.075,240630.793,0.232,1.098,0.978,0.326,9.883,0.3924311152592061,0.5037222956351252,,,False
638,61,0.0823211509993562,0.1348930976412517,0.1705620391518075,686,23.053,1.072,594787.162,0.064,1.712,1.044,0.241,7.669,0.3601378337790994,0.571015118007418,,,False
639,61,0.1178692639838354,0.2214461032240202,0.2228311508260046,687,25.038,1.139,568231.932,0.181,2.192,0.811,0.299,1.071,0.3031324794383857,0.4694806363580984,,,False
640,21,0.0579257764160951,0.0544396236613347,0.1304214175695885,688,19.093,1.099,101580.825,0.146,1.693,0.476,0.29,2.459,0.1437982718789797,0.6853783500376498,,,False
641,51,0.0889481340306717,0.1350434063227599,0.1593530328993709,689,20.279,1.184,408374.356,0.104,1.253,0.368,0.122,6.885,0.3769769929468842,0.4470121644965522,,,False
642,51,0.0895788520504213,0.127517022447676,0.1569495042162594,690,26.203,1.029,471378.911,0.131,1.366,0.254,0.048,9.345,0.3297262875838638,0.6822916983965445,,,False
643,61,0.1103740400379236,0.218235385725994,0.218235385725994,691,26.073,1.153,555003.61,0.119,2.151,1.17,0.168,5.515,0.3346991048332387,0.5694782852063506,0.1653948508546325,0.1830728243348596,True
644,69,0.1065693184960991,0.2086461197262855,0.2086461197262855,692,20.23,1.079,633330.72,0.226,1.773,0.761,0.23,7.307,0.251691960827143,0.6066018853320044,,,False
645,21,0.0329901936894856,0.0345343356427165,0.1304214175695885,693,22.952,1.094,147137.087,0.173,1.79,0.333,0.119,7.499,0.1700821753323888,0.6698840636928899,,,False
646,61,0.1081676620812666,0.1674356078955148,0.1725587778142575,694,26.667,1.069,537139.245,0.201,1.477,0.906,0.211,7.222,0.3146677508376516,0.564529596059494,,,False
647,69,0.110831136139758,0.2032735256507743,0.2276125865361725,695,17.979,1.122,612140.495,0.114,1.485,0.442,0.171,5.547,0.2066380785924591,0.6811337516069826,,,False
648,41,0.0715284037051427,0.1088811193245476,0.1473786952732107,696,21.146,1.115,383418.114,0.103,1.167,1.156,0.26,5.31,0.3589435732571077,0.5285091175192709,,,False
649,51,0.0855836732351735,0.1270902391756509,0.1344448946568385,697,25.341,1.067,406449.292,0.124,2.145,1.181,0.158,5.487,0.2952240412169626,0.470152394553314,,,False
650,69,0.1933161900804559,0.4559899817102327,0.4559899817102327,698,15.824,1.001,678254.446,0.162,1.5,0.551,0.303,9.514,0.2655683595696106,0.8285138183390487,,,False
651,69,0.1246072945413327,0.3125997906702845,0.3125997906702845,699,27.078,1.197,645931.025,0.071,2.033,0.83,0.115,3.7,0.4088100189750166,0.4652687791840024,,,False
652,61,0.0952339829277374,0.1448060303177017,0.1550680896805084,700,29.096,1.096,564113.371,0.142,1.804,1.158,0.238,5.966,0.298444526508211,0.4635952860955202,,,False
653,31,0.0462354210483586,0.0549748124152966,0.1304214175695885,701,24.573,1.096,224016.317,0.095,1.865,0.413,0.237,2.949,0.2070681817154729,0.7253408460862008,,,False
654,41,0.0820605821935319,0.1074524819952166,0.1477573229390895,702,29.062,1.121,378932.82,0.085,2.086,0.398,0.273,4.447,0.3000492420655738,0.7557162114164896,,,False
655,51,0.1180598017078653,0.1576558771998291,0.1630118271304761,703,15.628,1.074,477756.334,0.174,2.382,0.569,0.328,7.527,0.3240121442495629,0.8337924672515703,0.1693322914618272,0.2658228045047073,True
656,69,0.1314379411719889,0.234565144705857,0.2352380286245405,706,17.643,1.141,653280.888,0.133,1.628,0.802,0.3,8.06,0.2862978253011599,0.6060560450852444,0.1664194960241891,0.2126990495956887,True
657,69,0.1103615540757067,0.1907933983810919,0.2070263011518404,707,23.697,1.128,637542.059,0.051,1.049,0.508,0.289,2.806,0.3189891685725016,0.6485044540831724,0.2512271098386276,0.2177415930924268,True
658,51,0.0975066305435771,0.1355373568666857,0.1626767913560289,708,19.24,1.123,439450.685,0.209,2.167,0.29,0.269,2.736,0.2977459702149408,0.4297821057920901,,,False
659,51,0.093898152265984,0.1298973874089045,0.1631090366346169,709,16.828,1.147,465002.731,0.056,1.117,1.13,0.274,1.075,0.2671621905366622,0.9077657273748913,,,False
660,31,0.0513294440602998,0.0628528671674671,0.1304214175695885,710,25.407,1.052,207643.98,0.2,1.74,0.968,0.089,3.322,0.2745990180934976,0.5067957150471077,0.0691454213359065,0.0734087053057354,True
661,51,0.0783777017371826,0.1019275287910208,0.1304214175695885,711,17.383,1.108,414822.863,0.061,1.464,0.358,0.163,3.757,0.2328077508234373,0.6219980210297955,,,False
662,21,0.0572804108807388,0.064908402513653,0.1304214175695885,712,16.257,1.092,184017.559,0.212,1.771,1.197,0.119,7.231,0.189600859781066,0.785239716537621,,,False
663,69,0.1381219051376941,0.3199554113860016,0.3199554113860016,713,16.399,1.013,653915.134,0.227,1.056,0.765,0.271,6.495,0.2408573938082759,0.6077727883664193,0.2356780943129637,0.4268887538148865,True
664,69,0.1253795560001882,0.3019169795154772,0.3137006773637354,714,26.572,1.025,691701.541,0.216,1.677,0.915,0.166,9.174,0.3265067875463669,0.6746141238665224,,,False
665,31,0.0572532670776239,0.0683876711290853,0.1304214175695885,715,25.579,1.138,266578.113,0.052,1.778,0.682,0.149,2.969,0.2739269503711242,0.6041583681228117,,,False
666,31,0.0992988477481913,0.1635291429233886,0.1648540763100602,717,16.439,1.006,261702.449,0.191,1.082,0.872,0.316,1.096,0.1887752218446114,0.6985978827688967,,,False
667,51,0.0875244182887266,0.1276225008542207,0.1588371921267564,718,16.011,1.052,467108.389,0.129,1.334,1.183,0.146,2.934,0.1417457103945422,0.6852685331202455,,,False
668,41,0.062142878132748,0.0774004755335141,0.1304214175695885,721,20.915,1.165,322409.521,0.202,1.571,0.597,0.235,6.146,0.2562642355843852,0.4179517326932842,,,False
669,21,0.0606952261171066,0.071110752065703,0.1304214175695885,722,24.405,1.106,188951.937,0.171,2.193,0.833,0.308,4.499,0.2597017257311127,0.488505286963987,,,False
670,21,0.0439286381937937,0.0443651321872723,0.1304214175695885,723,27.248,1.114,127440.007,0.247,2.071,1.174,0.067,4.359,0.3159810818926327,0.6842946227517155,,,False
671,51,0.0798552022029951,0.1382417712031102,0.1387410129119103,724,24.337,1.089,449799.119,0.243,0.983,0.88,0.179,3.562,0.2199069813229364,0.5578398192512195,,,False
672,31,0.0643985843574248,0.067665574641893,0.1304214175695885,725,18.448,1.137,232818.148,0.141,1.347,0.917,0.287,3.921,0.1900142827274039,0.5758399534696184,,,False
673,51,0.0921076141207047,0.1234085991096778,0.1414141944527956,726,15.354,1.06,459021.408,0.111,1.423,0.742,0.185,4.623,0.191705296051638,0.7663976284656555,,,False
674,31,0.0704610272485468,0.0810220814737152,0.1304214175695885,728,16.15,1.09,225238.018,0.095,2.339,1.023,0.14,8.828,0.1843525036992072,0.4199155091094829,,,False
675,61,0.0875001120132677,0.1326114602549812,0.1424616847823977,729,28.704,1.107,560521.205,0.234,2.153,0.389,0.209,7.036,0.2876764434496516,0.6164769261578708,,,False
676,61,0.1069268565325511,0.184932296186421,0.184932296186421,730,16.115,1.172,516896.485,0.155,1.357,1.053,0.104,1.172,0.2336736642100166,0.6842293394817746,,,False
677,51,0.0972263852224799,0.1207697294843447,0.1482022910791794,731,21.779,1.12,412363.419,0.247,1.08,1.168,0.321,5.069,0.3971349356542133,0.5273736373259293,0.3236498402716011,0.138802208068436,True
678,41,0.0545452564413106,0.0878465029087282,0.1304214175695885,732,23.34,1.141,347479.015,0.217,2.036,0.498,0.031,1.754,0.1701094446213306,0.8047133937234655,,,False
679,21,0.0662984996324145,0.0685134021444453,0.1304214175695885,733,16.808,1.017,172354.988,0.201,1.679,0.437,0.285,8.48,0.165572575819447,0.6146330549149568,,,False
680,51,0.0896742736915333,0.11874271421869,0.1431212885538048,734,21.794,1.195,428506.577,0.215,1.615,0.9,0.282,3.461,0.3596936189787547,0.4713350361662558,,,False
681,69,0.1197281274277679,0.3128216459857687,0.3128216459857687,735,18.865,1.122,663512.413,0.138,2.233,0.518,0.089,4.536,0.2712421891223748,0.6135544323080185,,,False
682,41,0.1080812242316779,0.2125211281977053,0.2125211281977053,736,16.97,1.117,377732.77,0.123,2.087,1.166,0.04,8.345,0.3222940403388114,0.4600203926011436,0.1624772141316696,0.1565899098073792,True
683,21,0.052645654251415,0.0600500669047589,0.1304214175695885,737,17.832,1.159,160744.801,0.052,1.649,0.605,0.161,9.575,0.2894156791592522,0.5200850041532903,0.1344703196913244,0.07295709818293,True
684,31,0.0634657102333606,0.0737942252117268,0.1304214175695885,738,28.849,1.134,221576.447,0.082,2.202,0.769,0.238,9.951,0.3629772671529381,0.6189494011499295,,,False
685,69,0.122341083494304,0.2530577067509078,0.2530577067509078,739,20.16,1.184,663297.559,0.179,1.949,0.354,0.262,5.426,0.3916443537628587,0.6296005000406771,,,False
686,31,0.0626187307507423,0.0684563286364449,0.1304214175695885,740,16.286,1.11,241530.786,0.224,1.581,0.244,0.097,2.854,0.1421885113950552,0.9760327608996048,,,False
687,31,0.0643798585890167,0.0875166638253233,0.1304214175695885,741,19.497,1.049,291133.691,0.167,2.354,1.096,0.14,7.192,0.274360564892992,0.6028802948120638,,,False
688,69,0.1221293858569973,0.2407280158727961,0.2426002089365077,742,29.012,1.119,686224.094,0.205,1.605,0.398,0.265,9.464,0.3207658832779166,0.6873748497200937,,,False
689,51,0.0892293415690304,0.1066744165346913,0.1502979099974775,743,27.651,1.137,481287.892,0.236,2.204,0.748,0.276,2.105,0.3000493033399959,0.487146809913421,,,False
690,31,0.0566299213090162,0.06524634161446,0.1304214175695885,744,27.669,1.135,203021.752,0.243,1.249,0.809,0.116,4.142,0.2511320477701301,0.7718897816931118,,,False
691,61,0.1083593242818147,0.2137263358461823,0.2519119079950698,745,22.232,1.084,598974.802,0.233,1.227,0.401,0.037,1.117,0.1603827473948397,0.8461243960212856,,,False
692,51,0.0802411927614783,0.1206192298836441,0.1304214175695885,746,21.709,1.06,415949.599,0.103,1.063,0.609,0.232,1.79,0.1772989869397169,0.618770501214915,0.108875680649122,0.2208514063915415,True
693,61,0.1196603426756096,0.2434216626247953,0.2434216626247953,747,15.255,1.047,588067.482,0.085,1.472,0.521,0.227,5.799,0.2617536395596846,0.6882747664626763,,,False
694,21,0.0593694748387635,0.0692292808155901,0.1304214175695885,748,25.298,1.118,176625.672,0.121,1.367,0.26,0.31,3.926,0.197597504218689,0.657120174503776,,,False
695,41,0.0795626888921412,0.1290309708038528,0.1304214175695885,750,20.541,1.069,338574.969,0.235,1.194,0.95,0.087,9.93,0.2648239053148162,0.8614414053234485,,,False
696,61,0.120860794416397,0.143395191631559,0.2869887823450517,751,26.582,1.003,576797.961,0.079,2.121,0.969,0.045,2.76,0.4338626278673457,0.5000419358738277,,,False
697,51,0.0803386974936555,0.099663714286446,0.1310241464516201,752,28.888,1.189,469939.479,0.2,1.155,0.321,0.116,6.539,0.3440430764015251,0.530230720685032,,,False
698,21,0.0377897917862004,0.0458214517125691,0.1304214175695885,753,24.593,1.074,191148.494,0.06,1.338,0.946,0.239,5.589,0.3603638038444499,0.4706350269996437,,,False
699,69,0.1285753229365831,0.3652704813921749,0.3652704813921749,754,28.863,1.199,665441.133,0.199,1.372,1.083,0.071,2.724,0.299045208819744,0.7635588286960121,0.2840538369355378,0.3447055527207228,True
700,31,0.0687945758117032,0.0720681550623351,0.1304214175695885,755,18.256,1.139,202245.079,0.228,2.395,1.104,0.302,7.042,0.3277886035183177,0.621828857427162,,,False
701,69,0.137745883556634,0.3151735583079554,0.3279777720196142,756,15.995,1.018,678695.733,0.204,1.25,0.309,0.109,9.648,0.1977876548089565,0.6606763392570644,,,False
702,31,0.0578744720543515,0.0666571260448033,0.1304214175695885,757,25.748,1.15,226442.405,0.232,1.748,0.907,0.049,5.333,0.3721549845225791,0.5444597092659021,0.0945746446208471,0.0737006845564206,True
703,41,0.0756038441977967,0.1061339873443203,0.1541168134185657,758,19.021,1.198,394177.158,0.167,1.595,0.639,0.248,5.281,0.3082135296206627,0.4739124178108594,,,False
704,51,0.0979525878541704,0.1436226649391584,0.1436523449213964,759,27.564,1.049,453850.865,0.129,1.971,0.733,0.321,4.157,0.4110815387445747,0.5195593998908294,,,False
705,31,0.0557588820683498,0.0842193455895951,0.1304214175695885,760,22.432,1.033,260646.433,0.057,1.228,0.471,0.123,7.201,0.4503702583958092,0.5942106607423675,,,False
706,51,0.0847613932625582,0.1412348038962294,0.1798785409801696,761,24.349,1.015,493883.903,0.16,2.292,0.799,0.147,1.028,0.1994559387266449,0.6464218688743952,,,False
707,41,0.0844611507469854,0.1115602417295975,0.1304214175695885,762,27.424,1.033,385650.901,0.221,2.253,0.926,0.313,7.638,0.3771252210014479,0.4267911535728488,,,False
708,61,0.0949789693250432,0.1808268770655861,0.210421063989799,763,24.479,1.072,571300.85,0.189,1.461,0.447,0.086,6.844,0.272325710413975,0.725089959974295,,,False
709,31,0.0451176210982875,0.0533350878376905,0.1304214175695885,764,24.885,1.158,224477.276,0.183,2.246,0.544,0.156,7.78,0.2891681449094957,0.5223662587324202,,,False
710,51,0.0773349618507124,0.1316649703791004,0.1661521268482492,765,22.654,1.18,490833.32,0.104,1.57,1.018,0.226,7.606,0.3536811832560603,0.6053202644661516,,,False
711,31,0.0727302361209054,0.0687905815069446,0.1304214175695885,766,15.904,1.148,295246.541,0.194,2.331,0.764,0.261,6.339,0.2559663688843511,0.5283706138458159,,,False
712,51,0.1066951286807305,0.2384154201538756,0.2528066199692268,767,22.731,1.196,494700.215,0.166,2.29,0.473,0.034,9.831,0.3464936425298738,0.4064310757379492,0.2747889783931531,0.1621468464908142,True
713,69,0.1086730235264255,0.1742390717005352,0.2139939431742217,768,28.393,1.127,621828.487,0.13,1.636,0.697,0.275,4.303,0.3347712350235829,0.6141359936133954,,,False
714,51,0.0941525372199199,0.1319457951255337,0.1685858479964835,769,17.15,1.096,491508.637,0.14,2.337,1.09,0.308,6.987,0.2795682431996,0.6222893817016648,,,False
715,21,0.0589553357711275,0.0734552342955984,0.1304214175695885,770,27.124,1.113,185014.883,0.091,2.043,1.121,0.277,2.985,0.2240828281668819,0.6783826279432821,,,False
716,41,0.0823781305351024,0.0973958816198426,0.1304214175695885,771,27.411,1.124,375716.559,0.118,1.456,0.296,0.309,4.373,0.3063844066978872,0.6549885769472017,,,False
717,69,0.1580833297367976,0.3070605682422193,0.3070605682422193,772,15.747,1.065,603382.627,0.156,1.133,0.807,0.073,7.988,0.2555348087463172,0.6734110515917852,,,False
718,31,0.0639650526783493,0.0782947258466843,0.1304214175695885,773,19.937,1.08,296884.53,0.245,1.022,0.42,0.203,3.414,0.1567373410959459,0.6383850054586079,,,False
719,31,0.065866994047076,0.085010579768336,0.1304214175695885,774,28.034,1.044,262342.623,0.207,2.2,0.97,0.208,2.015,0.2576427385841662,0.5898929734358289,,,False
720,31,0.0798545150619058,0.0909002547175524,0.1304214175695885,775,20.908,1.189,281193.988,0.207,1.052,0.73,0.315,2.158,0.317881137345717,0.6672039122569888,,,False
721,41,0.0650138368519357,0.0868164384471728,0.1304214175695885,776,20.301,1.177,346865.911,0.162,1.357,0.529,0.229,4.836,0.2508953158457486,0.410537489896632,,,False
722,69,0.102645413479716,0.2505720314043747,0.251948902034829,777,23.613,1.186,692746.795,0.118,1.995,0.545,0.181,6.602,0.3362480505884034,0.7205574697840537,,,False
723,31,0.0671528908211439,0.081826192454531,0.1304214175695885,778,29.112,1.193,285378.026,0.141,2.111,1.028,0.27,5.351,0.3916410940174253,0.6216559725979687,,,False
724,41,0.0777604014084235,0.1024527905311735,0.1304214175695885,779,29.743,1.028,304225.369,0.125,1.214,0.696,0.219,6.729,0.3234261357717767,0.6988347731813236,0.1199683513986221,0.1155038534479749,True
725,61,0.0923658857273554,0.1826810430231642,0.2130935864787383,781,21.879,1.062,593890.66,0.182,1.85,0.691,0.142,4.822,0.1704529993471926,0.5612145269577288,,,False
726,51,0.0855151144528393,0.1265928163366645,0.1644722694846287,783,17.093,1.02,482044.061,0.196,1.584,0.324,0.03,5.165,0.2408787919685653,0.7143036084684523,0.1646165631808858,0.211227443136328,True
727,61,0.0994703720203855,0.1455392021030489,0.1625285636718519,785,29.394,1.058,536455.45,0.144,1.902,1.124,0.172,9.2,0.2874076101795897,0.5383403130795771,,,False
728,31,0.0595310600658189,0.0680050015512137,0.1304214175695885,786,16.872,1.109,243126.383,0.152,1.598,0.882,0.083,6.153,0.1933323616066691,0.5495683935884522,0.0736359745386582,0.0704004079673104,True
729,69,0.1313503671741906,0.2980238476464416,0.2980238476464416,787,26.205,1.174,643381.757,0.054,1.444,0.509,0.057,1.36,0.3445268124103234,0.5283843290890482,,,False
730,21,0.0424209284243038,0.0421313552534954,0.130421407823465,788,17.454,1.124,120144.943,0.161,2.04,0.685,0.011,1.011,0.2481990569719035,0.8719386917076762,,,False
731,51,0.076266726496593,0.1099425056699342,0.1304214175695885,789,27.993,1.094,460813.621,0.098,1.369,0.787,0.096,7.691,0.4076520276008974,0.4506716491890284,,,False
732,41,0.0580626009456634,0.0782471070523611,0.1304214175695885,791,21.996,1.174,337098.91,0.138,1.845,0.281,0.229,8.562,0.3173613029580072,0.6241128960273669,0.0900177230520652,0.0786759581974139,True
733,51,0.0971232185800541,0.1220331004935849,0.1399934144303015,792,27.893,1.151,440300.57,0.163,1.33,0.831,0.322,4.457,0.450178575352789,0.6001728044342373,0.1370243664294056,0.1722080973725774,True
734,31,0.0647345095732659,0.0807332466805776,0.1304214175695885,793,25.1,1.022,283166.831,0.222,1.863,0.811,0.293,4.868,0.4167560438196541,0.4465025051491827,,,False
735,51,0.0935717834445463,0.1532628458389914,0.1757252589388439,794,24.709,1.048,479846.771,0.185,1.244,0.99,0.05,7.904,0.3459172231594145,0.483651905272474,0.1317175108140418,0.1911256669130767,True
736,41,0.1206780310282469,0.1688962811825008,0.1847129411736736,795,15.206,1.054,385058.034,0.124,1.631,0.591,0.043,7.425,0.2807864313818314,0.4869034027497618,,,False
737,51,0.0702906465239772,0.1129619826690889,0.1304214175695885,796,23.072,1.109,452259.787,0.233,1.534,0.34,0.055,4.221,0.2434399691129942,0.7868603707391391,,,False
738,69,0.1214280494062036,0.2705079930303493,0.2705079930303493,797,24.995,1.141,672556.039,0.148,1.812,0.517,0.226,5.723,0.250537216372081,0.6208598975790838,,,False
739,51,0.0999095186833475,0.1299613866366443,0.1583501912121105,798,27.213,1.188,466296.25,0.084,1.176,0.984,0.318,1.762,0.3051867726561303,0.791882238996052,,,False
740,51,0.1344353964163473,0.2725502041050825,0.2725502041050825,799,24.306,1.173,455823.007,0.113,0.974,0.35,0.006,8.316,0.5719140780466212,0.3763609825688388,,,False
741,61,0.0820433866251008,0.1360813713399036,0.1509180144253061,800,21.7,1.077,547474.896,0.12,1.605,0.61,0.17,7.416,0.2316470162314045,0.6637115898148618,,,False
742,69,0.1185547276749725,0.2015373059233385,0.254553467449384,801,25.732,1.009,664411.985,0.132,2.168,0.949,0.177,2.229,0.3263296360042417,0.4944457508340388,,,False
743,61,0.0872073925192387,0.1824600347242347,0.1910810671289908,802,23.865,1.085,598232.14,0.22,1.297,0.465,0.191,5.249,0.2171581737135217,0.5668560808691397,0.1336807024182396,0.1512219575873952,True
744,69,0.1284667464300421,0.195787413685657,0.2586933748257636,803,29.24,1.173,617542.008,0.193,0.987,0.434,0.272,7.686,0.3184967042516039,0.5507331887884523,0.3139143385666976,0.1819022844486631,True
745,69,0.1109057193854609,0.1915913324673387,0.1996074193142339,804,21.538,1.125,610582.347,0.231,2.208,0.468,0.255,5.296,0.3492969708317788,0.363384772265466,,,False
746,61,0.1462661942978265,0.3574381184599757,0.3574381184599757,805,24.007,1.106,569205.013,0.157,1.577,0.762,0.016,7.466,0.498697236389215,0.4509051077470312,0.2043969379070992,0.2273689216810641,True
747,21,0.0396754908551711,0.0459892154319408,0.1304214175695885,806,19.012,1.126,164237.317,0.058,1.619,0.86,0.183,3.266,0.234241614578794,0.5858726453697737,,,False
748,31,0.0437448504168787,0.0517222905115749,0.1304214175695885,807,21.666,1.105,245457.782,0.113,1.848,0.524,0.053,2.35,0.1756666078877603,0.6825887747788497,0.0832287405123632,0.0683496165735495,True
749,69,0.1277388367934644,0.2982644719863503,0.2982644719863503,808,18.706,1.149,676826.466,0.211,1.433,1.11,0.22,2.977,0.2586515952684716,0.5072361128179386,0.1946487078343381,0.189911690704981,True
750,21,0.0724988198676263,0.0766171076385804,0.1304214175695885,809,19.709,1.031,169322.727,0.176,1.353,0.973,0.324,3.09,0.3505291059943713,0.5094897879642879,,,False
751,41,0.0984783837640283,0.119936058643847,0.1325048180175398,810,15.456,1.163,306655.589,0.055,2.345,1.028,0.144,6.218,0.3475042527161814,0.6681989842413459,,,False
752,31,0.0384091418024319,0.0455178248844303,0.1304214175695885,812,22.928,1.151,229954.772,0.162,1.026,0.452,0.221,6.584,0.2347219108318511,0.5324350482657433,,,False
753,61,0.0966955792015565,0.1598449844670076,0.1664982248119695,813,24.111,1.09,532370.164,0.202,1.209,1.042,0.184,5.442,0.2955489455890883,0.4854841983788041,,,False
754,21,0.0437562298619553,0.0508843804344047,0.1304214175695885,814,25.866,1.045,154414.923,0.247,1.651,0.64,0.122,5.434,0.2208905838109185,0.6660980255939357,,,False
755,31,0.0812887834498827,0.0932894382153038,0.1304214175695885,815,15.491,1.11,238803.105,0.146,1.551,0.458,0.105,7.328,0.1338009803993647,0.7065133783349237,,,False
756,61,0.1444985971028332,0.2026626089339123,0.2273792068170925,816,15.032,1.098,540841.752,0.102,1.558,0.718,0.305,6.015,0.2380359174699751,0.687241891247749,,,False
757,61,0.0795202029977067,0.1428260356194656,0.14364446590693,817,23.755,1.122,505169.344,0.144,2.126,0.761,0.154,6.005,0.2545939616769701,0.6082427318264907,,,False
758,61,0.0844349213143351,0.1260542362625874,0.1304214175695885,818,27.49,1.079,542378.839,0.206,2.299,0.563,0.246,3.293,0.2907999988824347,0.3267279409064302,,,False
759,41,0.0608584876338651,0.0795245422888678,0.1304214175695885,819,24.979,1.135,322887.935,0.063,1.289,0.303,0.187,2.921,0.2279019352342944,0.4182341378360008,,,False
760,41,0.0729269609022082,0.0866510412734732,0.1304214175695885,821,29.591,1.164,311899.344,0.247,1.681,0.528,0.108,5.092,0.3111976626996593,0.6382659060323611,0.1614463945382863,0.1124323635462305,True
761,21,0.0612377951638217,0.0596432114816127,0.1304214175695885,822,20.417,1.166,110736.701,0.144,1.656,0.794,0.331,1.439,0.4366824882773044,0.6535434551263266,0.0831713351281246,0.074500817139654,True
762,21,0.0477188368374785,0.0540603063003762,0.1304214175695885,823,29.899,1.012,137008.706,0.234,1.827,0.273,0.14,3.064,0.2457285528421618,0.6709732909231046,,,False
763,51,0.0908567347572985,0.1444459057089849,0.1762457706688028,824,24.251,1.108,486732.8,0.052,2.261,0.459,0.252,8.187,0.4365414476924121,0.6922018187218233,,,False
764,21,0.0272254530192852,0.0265984843214693,0.1304214175695885,825,24.828,1.11,122843.635,0.241,2.175,1.069,0.175,6.779,0.3254345492274122,0.6969972474280425,,,False
765,31,0.0571619576454342,0.0629455827501829,0.1304214175695885,826,27.948,1.177,201737.106,0.188,1.756,1.092,0.068,4.446,0.2634315957884171,0.5793263983798934,,,False
766,21,0.0326052093868431,0.0364334950467203,0.1304214175695885,828,22.633,1.114,168183.865,0.119,1.647,1.118,0.197,9.234,0.2182408957174024,0.6807693662817944,,,False
767,41,0.0666971701982718,0.1044416540883018,0.1304214175695885,829,21.721,1.051,330386.068,0.117,1.157,0.386,0.074,7.214,0.2629561347013159,0.5975588977967261,,,False
768,61,0.109555045900756,0.1738417353759706,0.186780314557516,830,16.241,1.109,524840.068,0.208,1.361,0.951,0.233,6.205,0.2158039257996799,0.4884181582556564,,,False
769,41,0.0687554190565418,0.0989624573445819,0.130421407823465,831,18.052,1.104,355620.007,0.245,2.001,0.27,0.091,3.209,0.1552128284444796,0.7517464634701574,0.1299055151023001,0.0969087352578798,True
770,21,0.0488816262941954,0.0531799086839251,0.1304214175695885,832,19.894,1.05,162808.827,0.085,2.177,0.416,0.24,2.17,0.1695657475090373,0.8049907825599497,,,False
771,69,0.0906694590760265,0.1880607610467154,0.20241553400427,833,22.479,1.035,690248.228,0.145,1.427,0.408,0.249,3.898,0.2545627739955315,0.6324633713640093,,,False
772,21,0.062989678519082,0.0714769866845918,0.1304214175695885,834,22.087,1.137,163168.312,0.051,1.348,0.364,0.319,4.111,0.2320032267375083,0.5834067221368099,,,False
773,31,0.0551338452882191,0.0594513103265459,0.1304214175695885,835,16.605,1.071,268384.464,0.21,2.165,0.343,0.192,9.267,0.176320222552545,0.9032801335444208,,,False
774,51,0.081301374759585,0.1273553832779737,0.1523223027994271,836,24.951,1.076,487169.869,0.176,1.78,1.146,0.185,6.8,0.2315094960785402,0.5592956796317589,,,False
775,31,0.0572954776999085,0.0663707223992407,0.1304214175695885,838,28.044,1.059,208878.289,0.173,2.304,0.449,0.197,8.998,0.2290270903495231,0.6672865135046147,0.1437100658904345,0.0685009285080159,True
776,51,0.0954281731842907,0.1403906984546967,0.1812938728297209,839,19.191,1.134,482640.344,0.089,1.151,0.26,0.218,5.647,0.293112555199986,0.5876746505128575,0.1447973411144253,0.1526623710735517,True
777,31,0.0446656985583028,0.0672612135496822,0.1304214175695885,840,22.895,1.085,296135.053,0.193,2.245,0.659,0.185,6.069,0.2264871371834781,0.6726860637953669,,,False
778,51,0.0978676542973153,0.1414844324515244,0.184912144951693,841,16.182,1.021,490326.639,0.18,1.688,0.629,0.113,7.15,0.188375697133236,0.6100395334329941,,,False
779,21,0.03508200824342,0.0342907744480487,0.1304214175695885,842,19.908,1.127,118743.821,0.213,2.396,0.865,0.189,6.048,0.2354608525289009,0.6908811238354067,,,False
780,61,0.1258166532784937,0.2455106552510834,0.2750587406400018,843,28.308,1.007,573106.761,0.08,2.196,0.379,0.249,3.513,0.3223762906121856,0.8179305586978287,,,False
781,31,0.0986626029702591,0.1459895201112029,0.1461122377795535,844,15.564,1.086,288610.191,0.098,1.389,1.016,0.078,7.564,0.362266690278289,0.4893766487418767,,,False
782,61,0.1139905788076957,0.1964883723211977,0.2123786674128855,845,17.544,1.022,574903.083,0.211,2.124,0.965,0.171,1.334,0.165492739025435,0.6331245473990027,,,False
783,61,0.1641018547436799,0.2441032313551766,0.4312723534963776,846,15.808,1.001,569142.546,0.226,1.874,0.575,0.168,2.127,0.1662144819935375,0.6695280561708583,,,False
784,31,0.0578182935431144,0.0630327612336592,0.1304214175695885,847,28.172,1.194,254517.402,0.08,1.979,0.643,0.082,3.144,0.3124911382171063,0.6664916211043442,,,False
785,69,0.1394590410493409,0.3396129815770254,0.3399432526026045,848,29.288,1.06,680395.031,0.183,1.852,0.738,0.053,3.196,0.2366044425196339,0.7293354066106676,0.2220551597470704,0.2775003521942977,True
786,21,0.0542802913178499,0.0647782888035904,0.1304214175695885,849,29.729,1.101,178343.119,0.179,1.009,1.026,0.003,1.201,0.2014526592142593,0.6854750930988373,,,False
787,69,0.125577485019063,0.2305314634228449,0.2305314634228449,850,17.624,1.133,622478.761,0.239,1.883,0.531,0.26,9.589,0.271158559505153,0.8135619533395884,,,False
788,21,0.0414586186994444,0.0476146471386877,0.1304214175695885,851,20.409,1.196,150435.184,0.163,1.76,0.815,0.028,4.278,0.2983140069525977,0.6417577750391696,,,False
789,69,0.1143984174308533,0.2397769905454517,0.2397769905454517,853,25.954,1.025,670423.781,0.203,1.02,0.372,0.286,5.752,0.3323079818956911,0.4499574897954077,,,False
790,69,0.1435034029939058,0.3445017771482539,0.3445017771482539,854,16.355,1.096,662186.877,0.077,2.147,0.268,0.023,1.573,0.2592380890570251,0.7945528595379087,,,False
791,31,0.0614601160778237,0.0711186828253236,0.1304214175695885,855,29.345,1.077,201381.339,0.107,2.006,0.921,0.106,1.461,0.218282187612893,0.6729014193671006,0.1174780734711667,0.1151554186000498,True
792,21,0.0597599094785802,0.0624274117811951,0.1304214175695885,856,19.289,1.125,141644.376,0.24,2.007,0.864,0.294,8.434,0.2347955490864696,0.4693403088344987,,,False
793,41,0.0700276703408319,0.0974644148360614,0.1304214175695885,857,20.031,1.063,371606.021,0.226,1.914,0.891,0.213,6.43,0.2733323615485741,0.3560071668707175,0.1230282914795246,0.1444793939782427,True
794,31,0.0457252484060726,0.0496327071433986,0.1304214175695885,858,23.468,1.176,211929.127,0.221,1.446,0.702,0.012,8.668,0.4426584588068953,0.6067348688903407,0.1078013321031707,0.0845790003120001,True
795,21,0.0420018573554755,0.0398270110231483,0.1304214175695885,859,18.558,1.117,110021.28,0.106,1.862,0.623,0.081,8.928,0.3071181557390317,0.5627360556403694,,,False
796,61,0.0766174894663647,0.123601036006527,0.1383837824588272,860,23.631,1.115,539204.824,0.16,1.809,0.552,0.168,7.475,0.248824112615927,0.6313445936862023,,,False
797,21,0.0507443279490138,0.061206800524955,0.1304214175695885,861,29.331,1.034,159319.599,0.186,1.345,0.658,0.255,7.318,0.2793541191504693,0.6404175394180561,,,False
798,41,0.0761782911346189,0.0915466810502617,0.1304214175695885,862,25.979,1.115,307269.958,0.07,1.877,0.394,0.311,8.148,0.4241762015680315,0.6480027014852855,0.0990262363742198,0.1028718215068894,True
799,41,0.0670209787569312,0.0937135964242689,0.1304214175695885,863,27.6,1.065,369330.823,0.222,1.031,0.344,0.047,9.062,0.3223202942654654,0.7524640206875172,,,False
800,51,0.099472242885488,0.1346526131702244,0.1781754635848617,864,20.361,1.026,403408.595,0.242,2.25,0.999,0.007,8.816,0.3393455742195879,0.7347198621097955,,,False
801,69,0.1320560106176919,0.2682864934428075,0.2682864934428075,865,29.55,1.099,639501.251,0.094,2.38,0.597,0.254,2.322,0.3638387959631281,0.5376460958495386,,,False
802,21,0.0420163353870104,0.0432983215246011,0.1304214175695885,866,21.546,1.178,139762.664,0.095,1.689,1.01,0.053,5.406,0.4442755545095173,0.3874731573508949,0.0882011811755003,0.0563160027227602,True
803,41,0.0872768914220903,0.1046420804829552,0.1304214175695885,867,26.158,1.08,319687.883,0.218,1.872,0.285,0.305,5.541,0.3929572520618084,0.4302540323613992,,,False
804,69,0.1103482882643087,0.2685475120956648,0.2685475120956648,868,21.599,1.069,647068.021,0.192,2.189,0.354,0.181,5.82,0.2140908599292,0.4734528733343496,0.18182786261185,0.1930823651745377,True
805,21,0.0516340029300918,0.057100471779071,0.1304214175695885,869,24.232,1.071,170998.981,0.099,2.32,1.123,0.03,7.629,0.3868895842728578,0.5428979403596373,,,False
806,61,0.114414474868189,0.1899405295308852,0.2070893677950219,870,18.945,1.142,555517.576,0.107,1.095,0.416,0.301,4.387,0.2661551284902582,0.5264580708165525,,,False
807,31,0.0817437257261741,0.1893273151414564,0.1893273151414564,871,17.639,1.012,297745.223,0.229,1.079,1.127,0.291,4.68,0.3190137639231455,0.5549614461317295,0.2712927672634933,0.1670738917400745,True
808,69,0.1209731908698025,0.2470191673838287,0.2470191673838287,872,29.656,1.135,640952.798,0.137,1.092,0.594,0.138,2.418,0.2106500720331851,0.6061210447649085,,,False
809,41,0.069515939257002,0.1091553438748126,0.1304214175695885,873,27.882,1.072,378037.08,0.129,1.059,0.919,0.175,5.556,0.2720899994267329,0.6342654356060751,,,False
810,31,0.0632128312784005,0.0819683295238263,0.1304214175695885,874,19.676,1.092,282726.882,0.096,1.946,1.046,0.205,8.338,0.3497425025693719,0.575164535252738,,,False
811,61,0.1056390538936567,0.1948662662349112,0.1948662662349112,875,27.008,1.145,545670.68,0.17,2.288,0.87,0.099,5.118,0.3089967110844133,0.5691983789269524,,,False
812,41,0.0737396558715179,0.1200992979291484,0.1304214175695885,876,27.586,1.023,367550.773,0.204,1.046,1.049,0.071,8.233,0.3487615183698321,0.6457201152309184,,,False
813,61,0.1190976377664439,0.215595544261683,0.2351635972932762,877,20.123,1.175,583902.614,0.249,1.386,1.143,0.297,7.292,0.3508513171958105,0.50431288297964,0.165536517239532,0.1817631524639849,True
814,31,0.0526968493428529,0.0821032263813887,0.1304214175695885,878,24.258,1.08,288178.753,0.189,1.378,0.741,0.085,1.519,0.189886576689347,0.669974283907716,0.0935238314634334,0.1091216124789031,True
815,69,0.1359241709510693,0.2831296713168794,0.2831296713168794,879,16.445,1.165,650407.704,0.094,1.953,0.63,0.288,1.223,0.2667784968290725,0.4414737583746046,,,False
816,51,0.0961527950271786,0.16029005010246,0.1611057145407453,880,17.532,1.142,453026.451,0.08,1.87,0.727,0.108,7.697,0.363135669127398,0.4453281256534509,,,False
817,21,0.0558086655565524,0.0603476370199462,0.1304214175695885,881,20.21,1.171,180364.825,0.192,2.325,0.484,0.233,1.384,0.2234809801755521,0.3718576935498915,,,False
818,21,0.0597288557174158,0.0661510283738812,0.1304214175695885,882,28.663,1.105,172710.07,0.237,0.961,0.535,0.029,7.26,0.2471500857098185,0.6945015107660781,,,False
819,21,0.0576670529323689,0.0610447191243806,0.1304214175695885,883,15.98,1.054,169915.121,0.061,1.523,0.868,0.209,2.811,0.1640945755061951,0.5584857474665987,,,False
820,21,0.0557635844171337,0.0599615316684462,0.1304214175695885,884,16.334,1.197,160195.288,0.088,1.23,0.3,0.259,9.77,0.3262113521934023,0.6370998950948079,,,False
821,41,0.0774477917723131,0.1071795137224439,0.1471224668935639,885,19.167,1.098,380056.31,0.218,1.662,0.316,0.195,9.44,0.1975441121455103,0.7441937707644534,,,False
822,21,0.0568866467025482,0.0604083417458168,0.1304214175695885,886,24.183,1.144,130892.167,0.245,2.269,0.967,0.307,2.783,0.3257350251628782,0.6621653715900843,,,False
823,41,0.0778337919844857,0.091511537890414,0.1304214175695885,887,15.886,1.101,377057.183,0.098,1.336,0.274,0.136,5.702,0.2244180782718366,0.6041005340253256,,,False
824,21,0.0441342025713194,0.0452376121244764,0.1304214175695885,888,17.127,1.062,128133.697,0.127,2.026,0.366,0.193,9.154,0.1952057847827802,0.8066058702082113,,,False
825,61,0.1138735743355471,0.1809112084669557,0.207605256022935,889,26.239,1.161,563021.92,0.222,2.039,0.451,0.256,4.94,0.3310992901672987,0.3756435107510369,0.1767849472555295,0.1485570757803996,True
826,41,0.0697690017510775,0.0928061355624766,0.132917578302281,890,22.468,1.179,397972.067,0.083,1.758,0.929,0.272,2.392,0.2786147980536645,0.7406726006481075,,,False
827,41,0.0494333277075827,0.0625927125456102,0.1304214175695885,891,23.064,1.167,323968.572,0.081,1.788,0.248,0.144,3.151,0.2602037857907054,0.3227592449167155,,,False
828,51,0.0784554264078142,0.1221890966667077,0.1304214175695885,892,21.563,1.043,404611.282,0.086,1.713,0.653,0.057,3.276,0.352167857787798,0.5686190877218893,,,False
829,51,0.0963488822404376,0.1403069497061639,0.1872853654193949,893,21.124,1.12,496343.781,0.172,1.153,0.261,0.293,2.612,0.1801909779931685,0.715602332407952,0.1592136476215123,0.1496475005311639,True
830,21,0.0287161686361821,0.0242203704656574,0.1304214175695885,894,23.34,1.023,105921.566,0.146,1.493,0.567,0.07,4.652,0.2588875841600611,0.570431392238976,,,False
831,31,0.0898040059350007,0.113321240708233,0.1304214175695885,895,15.179,1.053,246214.401,0.147,1.54,0.881,0.103,7.833,0.1505676495406301,0.5349986791459768,0.1193608108682583,0.1447921914278883,True
832,41,0.0783085431335006,0.0851298530033759,0.1304214175695885,896,18.968,1.168,331196.46,0.092,1.294,0.626,0.322,8.866,0.5432217003020758,0.2007182197397806,0.1296521735584201,0.1480946303826748,True
833,51,0.0973429852882722,0.1255450425401542,0.1573475475744341,897,17.795,1.068,438763.611,0.146,2.386,0.312,0.315,8.914,0.2259584641214746,0.9481062219135816,,,False
834,51,0.0731621750889756,0.1179189324681418,0.1304214175695885,899,28.09,1.132,447925.25,0.082,2.328,0.756,0.118,4.693,0.3398815428325148,0.5082230611768297,,,False
835,51,0.1022234458643145,0.1770884602709078,0.1844956152207941,900,29.419,1.184,461526.77,0.155,1.818,0.705,0.037,6.67,0.3980838132974545,0.4712647196584296,,,False
836,51,0.0748754883706604,0.1092558205217052,0.1304214175695885,901,17.144,1.144,462762.3,0.087,0.984,0.79,0.176,4.9,0.1926774668938555,0.4941198170194038,,,False
837,51,0.083417635827714,0.1034180720367962,0.1460638600631591,902,19.448,1.064,472218.072,0.078,2.274,1.145,0.203,8.276,0.355211786145988,0.5448028405433187,,,False
838,61,0.0763566863004216,0.1137000778851942,0.1539033901715152,903,22.586,1.016,548451.485,0.246,1.808,1.071,0.089,3.637,0.2226060067220474,0.674581341927827,,,False
839,41,0.0586736038077445,0.0963733050627915,0.1304214175695885,904,23.106,1.043,354681.773,0.155,1.83,0.888,0.075,4.011,0.2510253683729845,0.4234305051025334,,,False
840,61,0.1144910055507373,0.1948784144520795,0.2022945940388123,905,25.809,1.106,514392.77,0.068,1.256,0.526,0.112,9.977,0.4605426434851721,0.4672838420037302,0.2675814952539109,0.1936614239483419,True
841,31,0.0789653544897876,0.0820196064880549,0.1304214175695885,906,16.758,1.154,206967.997,0.078,1.232,1.14,0.313,4.03,0.2807053168182294,0.7153052969310437,,,False
842,41,0.1002142052521825,0.1673353334042173,0.1681961069550108,907,20.473,1.108,314931.882,0.093,1.796,0.516,0.041,6.621,0.5046190932398296,0.4403559637698168,,,False
843,21,0.0529878617551494,0.0603360152207684,0.1304214175695885,908,29.358,1.073,159920.077,0.231,1.593,0.937,0.073,3.619,0.2472285335365048,0.489938010898308,,,False
844,21,0.0734726133214715,0.0828015888240631,0.1304214175695885,909,15.117,1.094,153463.056,0.199,0.993,0.829,0.139,8.968,0.1395611522230502,0.7805188828910157,0.1135438885137919,0.1056893043227711,True
845,51,0.0827330545289078,0.1327958870032791,0.143221054629352,910,20.734,1.081,430229.108,0.13,1.008,1.174,0.217,4.705,0.1987495958891194,0.7422149477392019,,,False
846,21,0.0499078632673774,0.0606167946825494,0.1304214175695885,911,26.024,1.187,199354.038,0.223,2.173,0.718,0.137,6.062,0.2788035815898377,0.6854152094144557,,,False
847,69,0.1269122852185962,0.2991515894766864,0.2991515894766864,912,21.835,1.008,688652.277,0.056,1.415,0.722,0.184,7.495,0.4298458843286881,0.6214552306971264,0.2883861754421277,0.2407013875721112,True
848,31,0.0647057918276944,0.0781463731321196,0.1304214175695885,914,26.865,1.161,294775.325,0.203,1.586,0.409,0.068,4.688,0.3437461924946631,0.6537124450865092,,,False
849,61,0.1012540268294416,0.1823119525138865,0.2368546232890339,915,23.71,1.141,504375.346,0.177,1.062,0.284,0.02,5.203,0.2453251993500499,0.5864493147111054,0.1745297497635019,0.1859281035629233,True
850,31,0.0642757583083539,0.0887282026143595,0.1304214175695885,916,27.091,1.045,248191.835,0.237,1.654,0.81,0.134,5.496,0.202120582652427,0.5919038284434455,,,False
851,51,0.0806601388233878,0.1302891518392344,0.1405030838691864,917,24.765,1.12,405956.763,0.161,1.495,0.674,0.121,5.959,0.2644225032245472,0.6016663133373517,,,False
852,31,0.0713241759872908,0.0688570721694941,0.1304214175695885,918,15.953,1.085,280120.876,0.154,1.342,1.108,0.188,1.15,0.1281755003003133,0.7785679735938666,0.1338491012234086,0.098073133216244,True
853,69,0.1351402139732936,0.3082836220862717,0.3082836220862717,920,20.649,1.136,609404.251,0.121,1.89,0.931,0.099,5.358,0.2650345557557854,0.470528424185423,,,False
854,21,0.0546190061723651,0.0575993067675162,0.1304214175695885,921,28.433,1.164,155453.291,0.158,1.652,1.113,0.104,9.17,0.2682121717222031,0.5216132248404733,,,False
855,51,0.0858206593544186,0.1073498344898639,0.1484609331323938,923,16.368,1.124,407632.471,0.087,2.024,0.613,0.291,9.85,0.2770706007354825,0.5829295004658808,,,False
856,69,0.1565451508659582,0.3400613780969157,0.3569039456748267,925,15.853,1.017,680910.579,0.218,2.348,0.453,0.027,9.129,0.2662101479975198,0.5037473610290735,,,False
857,21,0.05291785151475,0.0515401891094756,0.1304214175695885,926,27.965,1.005,191619.195,0.195,2.309,0.392,0.042,5.225,0.332903224240504,0.6749217633731773,,,False
858,69,0.1410024958348981,0.3194227712792377,0.3194227712792377,927,15.32,1.02,674271.843,0.061,1.024,0.376,0.244,8.621,0.2174129446228717,0.5779518046554769,,,False
859,31,0.083579178359465,0.0898177058441693,0.1304214175695885,928,15.078,1.101,225819.527,0.22,1.29,1.086,0.171,3.546,0.1218144494524278,0.7164512962663565,0.166660744542414,0.1451332898965847,True
860,31,0.0732796856764591,0.0947982999629069,0.1304214175695885,929,29.183,1.03,259569.536,0.079,2.259,0.313,0.114,9.077,0.3954296553819112,0.5434940917135245,,,False
861,31,0.0847132353486283,0.0897329039430125,0.1304214175695885,930,15.126,1.102,232047.014,0.23,2.272,0.856,0.198,4.193,0.1760553921881865,0.6878161814856777,0.1415110472982249,0.1381687771517112,True
862,61,0.0985898717254835,0.1823745201490734,0.1985745215159972,931,19.065,1.02,556835.81,0.206,1.697,0.636,0.08,9.62,0.2437390850444682,0.5118986002934705,,,False
863,69,0.1442553680362636,0.2916893654662805,0.3311863535282222,932,29.834,1.039,607871.881,0.142,1.591,0.478,0.017,3.829,0.3930461645996684,0.711184276437244,,,False
864,69,0.1396757660269106,0.3225900067961745,0.3225900067961745,933,15.637,1.073,630184.158,0.103,2.181,0.433,0.193,4.778,0.180659782395159,0.6102237734457044,,,False
865,69,0.1069994968143813,0.1967682588701364,0.1967682588701364,934,22.151,1.06,625985.973,0.138,2.096,0.548,0.298,8.047,0.264839224435005,0.7569630003540446,,,False
866,51,0.072612031651643,0.1184600246937775,0.1304214175695885,935,27.386,1.022,499081.712,0.145,2.335,0.452,0.232,7.486,0.2716545367514403,0.7584213132896279,,,False
867,61,0.0936612255831579,0.1518083897010213,0.1804378726250141,936,25.758,1.028,582037.213,0.065,1.37,0.691,0.224,1.157,0.1967082301629271,0.6194712589373806,,,False
868,31,0.0718677179552263,0.0836901499288331,0.1304214175695885,937,23.779,1.072,239381.002,0.24,0.978,0.788,0.295,1.804,0.2429442715762103,0.5358919143246114,,,False
869,61,0.1203440622465263,0.192011803708398,0.21156790541294,938,20.955,1.188,553285.996,0.111,2.103,1.037,0.315,1.523,0.4008372955851811,0.4581370661079534,,,False
870,41,0.0517201826406055,0.0782077646096711,0.1304214175695885,940,23.027,1.068,313821.579,0.128,2.334,0.317,0.176,8.026,0.2225472922021313,0.60882373054844,,,False
871,61,0.0764345503504191,0.1308985740161787,0.1502653954398775,941,22.8,1.054,557224.175,0.118,2.11,0.735,0.138,4.608,0.2440500676829372,0.6342460754151847,,,False
872,21,0.0729343581847176,0.0792235020580416,0.1304214175695885,942,15.249,1.071,183714.304,0.232,1.084,0.646,0.19,7.182,0.1711574259303442,0.5681772519383654,,,False
873,21,0.0603190391929804,0.0683561277341243,0.1304214175695885,943,20.972,1.07,188202.211,0.131,1.11,0.358,0.308,8.499,0.2627465579740709,0.649750897663424,,,False
874,41,0.075835705302272,0.1143646306063277,0.1304214175695885,944,18.135,1.017,384909.463,0.142,1.262,0.839,0.001,3.501,0.2936155476658386,0.6309167167723664,,,False
875,41,0.0845203813441074,0.1103711655985133,0.1422890322847789,945,29.376,1.192,374667.535,0.108,2.045,0.819,0.195,8.747,0.3613912061343233,0.6160001259818205,,,False
876,31,0.0460885482848086,0.0605899039039566,0.1304214175695885,946,20.777,1.035,238243.033,0.087,1.067,0.755,0.269,9.016,0.2703422132256347,0.623546240230317,0.104126306711869,0.1059546023871974,True
877,61,0.1300456914842694,0.3173745280449748,0.3173745280449748,947,21.631,1.188,519812.115,0.099,1.507,1.003,0.064,5.835,0.4357972406905881,0.4689841402452573,,,False
878,51,0.0899729209366339,0.1455284967353208,0.1848785172715079,948,21.847,1.165,486249.235,0.17,1.974,0.56,0.28,7.948,0.2946782414322683,0.571577162993117,,,False
879,41,0.0648217640356383,0.0928864916359067,0.1304214175695885,949,20.576,1.102,316811.79,0.129,2.252,0.476,0.174,4.723,0.2302941138644949,0.6359422641399965,0.0959004228094748,0.1124972869514148,True
880,69,0.1119992885960132,0.2086843392186698,0.2110416496053091,951,16.63,1.184,602050.444,0.22,1.332,0.515,0.225,8.145,0.2714371895221781,0.5836068296435273,0.1934058821052582,0.182285646235259,True
881,61,0.1104572115299668,0.1779241059513283,0.1821509663919885,952,17.736,1.062,534460.966,0.145,2.347,0.839,0.298,3.721,0.216504936206393,0.6906108576907158,,,False
882,41,0.0779243899843139,0.0907691190582342,0.1304214175695885,953,16.919,1.043,327567.453,0.153,1.518,0.587,0.301,5.036,0.2047435198585307,0.5417375854777066,,,False
883,51,0.0933913705811876,0.1319094249773263,0.1711237821200006,954,19.783,1.011,485794.801,0.124,1.284,1.2,0.138,7.95,0.2941280804757856,0.511791689719601,,,False
884,41,0.0654486471808524,0.0896499388813698,0.1304214175695885,955,22.949,1.101,344170.58,0.113,2.378,1.177,0.289,8.225,0.3056742187746469,0.5862766698769739,,,False
885,31,0.0625160766963044,0.0724924064504801,0.1304214175695885,956,22.517,1.139,253092.054,0.202,1.854,0.435,0.234,1.287,0.1822655938282396,0.5025589718338986,,,False
886,51,0.0923383622097817,0.1481270142881913,0.1789392571455709,957,24.559,1.15,434272.555,0.108,1.725,0.325,0.256,8.526,0.3267309640807787,0.5580365587669665,,,False
887,51,0.1068722351928286,0.1395268932740543,0.1676992633094195,958,15.581,1.159,451758.304,0.222,2.344,1.192,0.262,8.106,0.2317590315069154,0.559591940328829,,,False
888,69,0.1319279584192852,0.3582094782330815,0.3582094782330815,959,24.54,1.171,693706.024,0.067,2.288,0.981,0.127,5.991,0.4419605455859006,0.5932827534417218,,,False
889,41,0.0809018133402391,0.093529653834839,0.1304214175695885,960,28.975,1.175,390757.371,0.235,0.993,0.778,0.251,1.36,0.2366632256625408,0.6780717337508918,0.1849369826168693,0.1690393817269508,True
890,51,0.0890884971750184,0.1301083284818891,0.1352704307578805,961,23.888,1.029,464309.197,0.177,1.934,0.852,0.304,4.037,0.3025613009119511,0.4542519999956128,,,False
891,21,0.0575605946941439,0.0691237478071938,0.1304214175695885,962,24.17,1.051,199771.366,0.2,1.646,0.491,0.263,2.213,0.2226153982811616,0.5349928365789935,,,False
892,31,0.0519760184134898,0.062565752202492,0.1304214175695885,963,21.427,1.195,275532.061,0.148,1.597,0.446,0.129,8.956,0.2412489993363145,0.4899660111657696,,,False
893,61,0.0941986056949954,0.1348456271470249,0.1632425855673447,964,28.637,1.083,558129.424,0.138,2.191,0.711,0.288,3.766,0.3288389720918078,0.3312776007861275,,,False
894,21,0.0418971217779244,0.05208289499067,0.1304214175695885,965,20.434,1.067,195208.999,0.121,2.043,1.165,0.161,4.002,0.2284832797204499,0.627764538662944,0.0669217643458305,0.0545933135703256,True
895,51,0.0887014910428439,0.1261240055358024,0.1551240872199273,966,19.878,1.029,471419.641,0.217,1.509,0.539,0.239,2.437,0.1792815607833799,0.4973648387871824,,,False
896,21,0.0294404326655384,0.03101679084032,0.1304214175695885,967,24.51,1.129,131481.181,0.102,1.701,1.137,0.256,9.58,0.2846487561601672,0.6524791267840739,,,False
897,69,0.1434321722888709,0.3483666019932718,0.3483666019932718,968,22.761,1.116,616686.413,0.06,2.357,0.652,0.328,8.093,0.3842285377609794,0.8639528655836219,,,False
898,61,0.1127217823850968,0.1797504631351218,0.2094167114373164,969,17.959,1.183,541911.288,0.127,2.364,0.469,0.283,6.163,0.2251575218886654,0.7569904693198594,0.1316280599832953,0.1527041602084283,True
899,69,0.0939504691078888,0.2171963750624699,0.2171963750624699,970,23.724,1.036,608659.575,0.057,1.608,1.045,0.216,8.597,0.492508046194401,0.5125629689528975,,,False
900,51,0.0826553106714444,0.1278573936534607,0.1377456401829334,971,24.138,1.044,468714.71,0.125,1.403,0.911,0.097,6.674,0.3177109036190105,0.4861372152194255,0.1132925010554911,0.1504312793261747,True
901,41,0.0771192458226697,0.1563230339661413,0.1563230339661413,972,18.23,1.016,398330.843,0.201,2.277,0.579,0.046,8.166,0.2554178611347679,0.6448121044125518,,,False
902,51,0.0757773599475991,0.1108657843048961,0.1304214175695885,973,27.831,1.032,442015.465,0.095,1.2,0.686,0.24,7.718,0.4029336966361837,0.6820095351461166,,,False
903,51,0.0929204646608766,0.1437641090246812,0.1714654609254085,974,25.627,1.135,448162.042,0.151,2.09,0.511,0.278,8.123,0.3115576219099597,0.6195499525921959,,,False
904,61,0.1329269224942895,0.3266526800383305,0.3266526800383305,976,23.848,1.182,539106.534,0.134,1.898,0.753,0.028,5.667,0.4265753810778085,0.5019788030255239,,,False
905,41,0.0923575843708433,0.2489059536620636,0.2489059536620636,977,28.352,1.011,392868.936,0.208,1.788,0.722,0.297,7.512,0.3053482833413601,0.6149409923834128,,,False
906,41,0.0765852916324252,0.1132577920239369,0.1304214175695885,978,19.82,1.105,316536.46,0.175,2.299,1.166,0.066,1.854,0.1955690138654683,0.797327684457964,,,False
907,69,0.1217766376402114,0.2254364045836252,0.2254364045836252,979,22.85,1.121,602793.88,0.11,2.306,0.6,0.308,8.26,0.3537072049150651,0.8115026237580347,,,False
908,69,0.1310440644000975,0.2575156976569772,0.2575156976569772,980,16.796,1.064,632310.315,0.215,1.487,0.833,0.198,1.255,0.1375680889068291,0.6626804377686684,,,False
909,41,0.0704724982307358,0.0956053612714863,0.1304214175695885,981,28.784,1.064,344457.195,0.165,1.625,0.565,0.204,4.578,0.2597257777672732,0.5915535322030459,,,False
910,31,0.059003178573399,0.0719054684832109,0.1304214175695885,982,28.514,1.159,258851.747,0.15,1.191,0.436,0.076,1.046,0.2324300940613449,0.6924167189735552,,,False
911,31,0.0722549004622039,0.0836908429752662,0.1304214175695885,983,24.962,1.131,249286.089,0.141,1.622,0.948,0.332,8.687,0.4324747800681724,0.5402869198764628,0.1000497216080914,0.0984302874710418,True
912,21,0.0313809725279872,0.0273630327449708,0.1304214175695885,984,25.518,1.196,106136.969,0.062,1.726,0.483,0.232,1.244,0.2240020121648759,0.7212871782698324,,,False
913,61,0.1041506080523764,0.1534442886104527,0.1904527534987393,985,19.751,1.095,509049.444,0.187,1.146,0.909,0.15,3.009,0.1913930203696403,0.6566353116932702,,,False
914,31,0.0482268454527532,0.0597226294994814,0.1304214175695885,986,21.904,1.173,272821.702,0.13,1.03,0.709,0.11,1.215,0.2229585259671745,0.7874701079090802,,,False
915,61,0.126130065499344,0.2012000252157701,0.2222559165166555,987,25.829,1.153,551733.573,0.17,2.31,0.427,0.33,8.128,0.4431240234785478,0.5942949911352178,,,False
916,61,0.0807549645702956,0.1248247556257028,0.1431969240205902,988,22.971,1.082,527497.12,0.088,2.105,0.505,0.21,4.088,0.1924522181975627,0.6805386179345568,0.1616999989342943,0.1566757933170884,True
917,61,0.1111081618261446,0.1866772996161557,0.212904091253765,989,25.192,1.17,523374.126,0.121,2.209,1.13,0.288,6.402,0.3430765000187083,0.6194219229639363,,,False
918,51,0.0900237833162707,0.1203429312693772,0.1569124369508246,990,26.794,1.058,450145.07,0.096,1.696,0.298,0.243,8.081,0.3572194195038258,0.7634567843340325,,,False
919,31,0.0404520310650014,0.048601739986487,0.1304214175695885,991,25.019,1.002,210114.835,0.141,1.767,0.673,0.195,6.196,0.3263322145450762,0.6250482312309179,0.1380026860199155,0.1364072080774908,True
920,69,0.1211556335653153,0.2275783267337296,0.2276497127564998,992,18.83,1.061,619052.398,0.245,1.907,0.541,0.148,1.512,0.1873977941137184,0.534729417213889,,,False
921,61,0.1057246066075713,0.1993096611305114,0.2019356711511137,993,16.528,1.068,589218.978,0.122,1.161,0.308,0.277,1.835,0.1404706432051458,0.7640804860272048,0.1931542345944558,0.3332829619102099,True
922,31,0.0618926324941116,0.0830042933534461,0.1304214175695885,994,20.701,1.05,298224.154,0.203,1.561,0.336,0.101,9.535,0.2084304470786719,0.7935701394292454,,,False
923,31,0.051474632231599,0.0617524705366773,0.1304214175695885,995,20.254,1.117,223226.135,0.124,0.967,0.269,0.1,5.505,0.166452638987624,0.6300708878194272,,,False
924,21,0.0644836955075913,0.0811914882517374,0.1304214175695885,997,26.399,1.04,181232.126,0.174,1.426,0.737,0.273,2.886,0.1399158617908379,0.3798788898648112,0.0900793511698595,0.0787884956164949,True
925,41,0.066895796752206,0.0852490601495874,0.1304214175695885,998,17.807,1.143,332087.111,0.101,1.67,0.701,0.212,7.854,0.2711620745101876,0.5098119883364776,,,False
926,61,0.0944183673691266,0.1966784941676491,0.2064192073663315,1000,21.918,1.045,577946.274,0.176,1.924,1.007,0.129,6.97,0.2619141509934758,0.5994848805719997,,,False
