job_id,tol,Tcrit,Vf,mu,kk1,kk2,kappa,k1,converged,p_fail_oof,p_fail_oof_interact_check,d_fail
1,18.688,1.048,695735.362,0.214,1.86,1.019,0.318,4.468,True,0.3375604738151721,0.31934244492185004,0.5790624080193403
2,25.772,1.105,580848.556,0.148,2.282,0.573,0.036,5.943,True,0.36733627610455416,0.3740609647117885,0.5557401485245775
3,20.185,1.047,535445.172,0.132,1.547,0.5,0.222,7.743,True,0.2058179200619005,0.13583979419032682,0.7590571545807316
4,19.863,1.103,236359.061,0.111,1.517,1.142,0.258,4.552,True,0.25418761152285096,0.20824235521919168,0.6459664897592065
5,17.694,1.108,266870.122,0.092,2.001,0.457,0.025,3.246,True,0.26633000516098615,0.309502156274831,0.5375311281793655
6,17.171,1.197,395476.98,0.12,2.262,0.923,0.312,8.008,True,0.34264572784443015,0.3086366669011037,0.6832061426072099
7,16.533,1.166,161816.701,0.069,2.319,0.942,0.101,3.195,True,0.2072513587189235,0.20220142414623543,0.8363273424423813
8,28.587,1.193,673568.091,0.111,2.2,0.96,0.173,8.868,True,0.3566883829075974,0.34236258830713884,0.7466758955454372
9,29.567,1.174,687103.199,0.164,1.587,0.454,0.01,8.016,True,0.3959360302504425,0.38407048731649707,0.5727157914747385
10,16.705,1.149,580230.434,0.23,2.232,0.859,0.142,9.505,True,0.2501648270389909,0.15050874029346234,0.7509382350142597
11,29.255,1.18,622626.8,0.14,2.062,0.98,0.185,6.686,True,0.3689254956732686,0.28904682839807344,0.6161465654107935
12,21.578,1.038,371056.782,0.153,1.435,0.637,0.018,1.717,True,0.24050356111419746,0.21812639833526404,0.7506199517852721
13,18.534,1.098,376241.495,0.172,2.374,0.282,0.092,3.312,True,0.20176378572939388,0.19459423639154264,0.6574469200354426
14,15.651,1.118,699246.339,0.067,2.119,0.28,0.167,9.448,True,0.30851832058545503,0.32009827547563663,0.6844883017881966
15,26.446,1.125,129713.732,0.154,1.964,0.902,0.006,7.558,False,0.4825369676953547,0.4023281714542966,0.5393333752939672
16,23.486,1.158,666835.36,0.249,2.135,0.295,0.166,8.289,True,0.3204421292898355,0.20681329684975688,0.7591459587288021
17,26.133,1.065,657786.988,0.164,1.206,0.584,0.314,1.137,True,0.23178807412985508,0.29951230200771467,0.7038188636815204
18,27.286,1.013,305101.353,0.247,1.807,1.036,0.228,8.758,True,0.3315447107248448,0.2238898308308905,0.6641218117869587
19,16.566,1.087,217286.228,0.194,2.117,0.648,0.002,9.411,True,0.24881013274383487,0.19300401779379162,0.6820439192587006
20,21.986,1.024,103090.787,0.219,2.158,1.005,0.216,2.086,True,0.21658820858780622,0.21023025214907484,0.6621404020071743
21,15.023,1.152,630638.912,0.199,1.707,0.89,0.131,5.998,True,0.197576510946176,0.1398096572574531,0.634810433552311
22,20.693,1.159,236920.156,0.101,1.292,0.445,0.222,2.914,True,0.21147926222485033,0.1301904791037182,0.5283886676799433
23,24.499,1.199,420933.652,0.158,1.322,0.444,0.239,7.252,True,0.3683672200544756,0.28276414935453187,0.4041171985488538
24,22.786,1.119,197530.276,0.225,0.966,0.645,0.268,8.7,True,0.2024568255352005,0.13386035445773428,0.47206021201025555
25,19.135,1.149,161240.205,0.127,1.407,0.372,0.025,6.307,True,0.41153224106900477,0.4107705762046472,0.5796955319255761
26,18.35,1.15,330819.483,0.075,1.67,0.287,0.087,6.418,True,0.45314657396287966,0.39932623717646726,0.5401713225420258
27,29.611,1.099,669822.655,0.17,1.431,0.665,0.111,5.781,True,0.2909045606917386,0.28671205990954063,0.7471135751690627
28,15.772,1.085,391852.008,0.143,1.916,1.03,0.28,1.227,True,0.16671750631372942,0.16123708764012185,0.6933531568132248
29,24.799,1.168,522126.255,0.099,1.672,0.615,0.023,1.171,True,0.3434407840866976,0.37881271481423734,0.48760476176820394
30,20.087,1.043,505610.304,0.153,1.708,0.378,0.219,1.891,True,0.17768456821676637,0.1162076427414815,0.5917950647995703
31,23.856,1.093,525769.723,0.182,2.227,1.154,0.268,1.65,True,0.3098491421822982,0.3447788361471929,0.5444759098787958
32,18.221,1.038,548953.4,0.197,1.05,0.344,0.189,9.881,True,0.1885881711548528,0.12209149192288844,0.7661833286235665
33,21.482,1.169,586232.785,0.091,2.207,1.127,0.099,3.467,True,0.40216124289939637,0.27614729478815964,0.6196534327710592
34,20.849,1.191,277393.047,0.071,1.754,0.748,0.213,3.04,True,0.251030768566669,0.15894476419962358,0.6424765914165044
35,18.167,1.011,566195.643,0.08,1.251,1.153,0.009,6.369,False,0.5474710261101338,0.5196000269869857,0.5782401977796934
36,20.062,1.121,615695.62,0.18,1.172,0.403,0.278,7.67,True,0.238054858607496,0.2137795115020034,0.6022949808987568
37,26.123,1.131,402703.207,0.168,2.342,0.663,0.085,2.649,True,0.223458004626948,0.2509882390843943,0.7095879183572574
38,18.995,1.059,210400.81,0.188,1.261,0.332,0.205,6.528,True,0.22223838056459536,0.1216225691551776,0.578552967037653
39,22.544,1.006,643737.703,0.126,2.113,0.609,0.1,9.307,True,0.2624078621670146,0.28073388455324055,0.5289836714092694
40,26.725,1.19,489500.787,0.225,1.729,0.408,0.327,5.831,False,0.5210462163335807,0.4602904743147657,0.29193232833575594
41,25.231,1.067,130372.05,0.174,1.486,0.828,0.232,2.823,True,0.22438186606340216,0.17135476158029664,0.4873657995301446
42,22.297,1.143,510016.487,0.1,1.711,0.707,0.069,4.881,True,0.3839169108948394,0.2530899081988538,0.40118115105836866
43,26.618,1.151,145646.26,0.144,1.939,0.27,0.282,8.739,True,0.3300207277266689,0.31520763549512704,0.6985811502027306
44,17.848,1.061,625155.044,0.063,2.351,0.493,0.265,4.783,True,0.30538195900071985,0.23752194487009326,0.7172565152983166
45,19.172,1.11,193665.467,0.069,1.073,1.012,0.313,7.919,True,0.3571244083581307,0.38915487815210414,0.4519997270720088
46,19.358,1.004,226993.448,0.107,1.467,1.061,0.225,6.389,True,0.2724633579396899,0.23347353919749356,0.7528311494487973
47,23.568,1.004,375023.364,0.238,1.895,0.348,0.214,7.429,True,0.3015661754974621,0.18262535352763326,0.5899828606493014
48,25.22,1.113,654656.852,0.168,1.037,0.666,0.16,1.961,True,0.19381506287348255,0.15815550231933062,0.6720499808574792
49,23.796,1.116,694823.897,0.198,1.935,0.411,0.179,9.239,True,0.22488179526434374,0.13243898292335818,0.7938141034295123
50,24.655,1.041,595566.164,0.195,1.204,0.871,0.117,2.15,True,0.1994799961690991,0.2200792610410693,0.7348945274346501
51,20.605,1.06,135393.907,0.201,1.202,1.112,0.062,2.792,True,0.1893560542204138,0.18804624566995348,0.7471157031687917
52,25.079,1.005,360820.997,0.129,1.217,0.624,0.251,9.099,True,0.27510051422353765,0.27476664508684934,0.7598058692095814
53,25.317,1.051,610646.694,0.204,1.98,1.179,0.178,6.455,True,0.3264346810726611,0.2201760162940788,0.6006488032150753
54,17.853,1.169,152275.171,0.19,1.978,0.271,0.202,6.76,True,0.2009682654538449,0.11510818317384028,0.6595293625103608
55,20.142,1.102,616357.909,0.193,1.316,0.579,0.074,9.68,True,0.2446570343530305,0.13949593583179623,0.6592093656326563
56,26.632,1.011,344889.18,0.163,2.17,1.0,0.083,5.471,False,0.29596425628545336,0.2772567114519541,0.6122881820587605
57,23.671,1.185,126010.233,0.212,1.075,0.605,0.109,5.128,True,0.27233875650799744,0.20536051359414634,0.7443966242585133
58,19.716,1.177,591685.62,0.229,2.302,0.59,0.084,4.708,True,0.33480470274132496,0.24505559424470494,0.6935799135255151
59,21.968,1.129,369655.223,0.21,1.419,0.77,0.279,9.963,True,0.3132240546845369,0.19498661335128947,0.5475627449666861
60,26.892,1.073,493371.45,0.195,2.183,0.863,0.192,5.239,True,0.31022674705365355,0.21025498344517005,0.3944389952548761
61,29.599,1.128,171513.006,0.209,2.211,0.475,0.204,3.66,True,0.21896611444516317,0.19040691776475113,0.6364371497807716
62,23.458,1.092,579340.636,0.217,2.157,0.466,0.246,2.772,False,0.15666483030497394,0.17040948665887218,0.5895458823398996
63,21.628,1.104,321287.758,0.053,1.743,0.975,0.316,1.997,True,0.276079048650448,0.18588433921936648,0.7003732019886971
64,24.605,1.185,368153.316,0.236,1.632,0.44,0.003,7.521,True,0.4104414653400346,0.3424589540022184,0.6422066483631905
65,23.276,1.078,445577.199,0.231,1.315,0.85,0.047,2.526,True,0.183429253322057,0.19556162107287686,0.8397476958750697
66,18.544,1.022,301176.427,0.079,1.497,0.668,0.102,6.929,True,0.4319327372138329,0.43026040078645233,0.48210446658844436
67,20.799,1.058,222616.001,0.235,1.973,0.619,0.258,1.579,True,0.1354335711058111,0.1555142144655526,0.5669606341632998
68,19.512,1.004,574018.41,0.184,1.815,0.48,0.119,3.51,True,0.1946143631877363,0.17833400743804312,0.706523257792172
69,19.975,1.181,340302.464,0.079,2.314,0.425,0.141,4.828,True,0.3819078619917753,0.23425093710910702,0.6502614119274054
70,16.685,1.095,276000.554,0.197,1.442,0.668,0.13,2.098,True,0.14329937169357423,0.17070171982549098,0.7330086083324329
71,27.025,1.026,433171.584,0.149,1.867,1.051,0.221,8.588,True,0.33486586605689406,0.24938535194722905,0.5091596113054312
72,21.509,1.109,308282.343,0.238,1.963,0.793,0.152,3.667,True,0.2221527471584947,0.24210015115428896,0.6075918844730639
73,17.702,1.169,611478.97,0.148,2.012,0.507,0.014,6.467,True,0.5860358068460936,0.5801134458708608,0.3877613651414269
74,27.923,1.083,179485.509,0.105,1.693,0.301,0.137,4.509,True,0.24053510124236502,0.14413792567772524,0.7087302199515988
75,25.455,1.007,116082.127,0.227,1.408,0.826,0.321,3.238,False,0.2110004185530063,0.2773310761669146,0.6660943249411115
76,27.806,1.16,428068.766,0.132,1.794,0.353,0.011,4.211,True,0.5049685142046854,0.46316283761753013,0.6374280064589991
77,29.085,1.047,696817.164,0.16,1.278,1.199,0.291,6.836,True,0.3450026002741512,0.3052594571343821,0.524306834322897
78,15.76,1.13,579854.09,0.231,1.422,0.293,0.212,8.334,True,0.15554099395986704,0.12673355203727957,0.7977005398542958
79,18.886,1.042,229196.143,0.19,1.424,0.891,0.18,8.655,True,0.2087011819467404,0.10560667674255693,0.5915138583146436
80,28.052,1.095,542959.634,0.188,2.367,0.775,0.111,9.299,True,0.25535800620872223,0.22969860341306275,0.737905903398221
81,21.954,1.086,470532.225,0.229,1.82,1.189,0.077,8.884,True,0.2730374497058088,0.14280956468755476,0.795840611571597
82,21.231,1.122,256297.97,0.209,1.882,0.954,0.126,3.894,True,0.21710961774810322,0.17567120453693774,0.697968328704243
83,23.536,1.126,587315.182,0.086,1.933,0.658,0.048,2.834,True,0.314835623193523,0.15767570581834373,0.43037102215684625
84,16.55,1.088,638211.246,0.157,2.009,0.528,0.17,9.415,True,0.16049348824001053,0.10633966427456389,0.6595874377780588
85,26.099,1.019,570328.402,0.055,1.93,0.874,0.049,1.856,True,0.40810606597043736,0.38977812166540293,0.44864960756092775
86,19.265,1.014,423135.028,0.168,1.259,1.195,0.025,2.714,True,0.21704456072649375,0.21099448053591646,0.652426109199534
87,25.943,1.093,204650.59,0.164,1.762,0.461,0.027,4.888,True,0.2911047578567262,0.293537793642833,0.6068079992095717
88,19.429,1.027,383886.911,0.227,1.732,0.903,0.266,4.404,False,0.25263424243810084,0.3208297872417286,0.5807676661678658
89,16.204,1.032,618760.226,0.057,2.166,0.68,0.062,6.876,False,0.4145172216025403,0.5038490661593436,0.6079062377349053
90,29.003,1.06,102848.175,0.108,1.329,0.614,0.003,9.274,False,0.5144289117444037,0.5945687137577466,0.4587755829304706
91,26.954,1.015,100743.636,0.136,1.195,0.536,0.241,9.73,True,0.3287106451903501,0.264081828612415,0.785883220969074
92,28.686,1.041,609241.206,0.214,1.881,0.701,0.317,9.661,True,0.3559132416221389,0.31970288795347845,0.661678465441477
93,20.321,1.075,248524.119,0.223,1.294,0.71,0.325,6.608,False,0.3325706954733878,0.3400893569578375,0.5807676661678658
94,28.414,1.002,219914.902,0.22,1.516,1.039,0.162,6.357,True,0.3871824713268173,0.265280020521006,0.559415932531039
95,17.666,1.07,183306.117,0.198,1.832,0.836,0.023,5.026,True,0.21157198821468964,0.1903978257750165,0.6843681212889199
96,17.349,1.041,194370.789,0.179,1.834,0.885,0.242,3.522,True,0.12974598987279967,0.16640913191426335,0.4493410175148477
97,28.199,1.019,669030.283,0.112,2.372,0.326,0.148,1.562,True,0.2401572531657131,0.18347854168626657,0.8244193108533928
98,21.216,1.001,521230.778,0.221,1.552,0.865,0.034,1.479,True,0.2261656513428194,0.2424291621493804,0.8324473973171073
99,22.358,1.123,236163.218,0.135,0.997,0.262,0.25,4.341,True,0.13831871609777344,0.11316584164853111,0.5952162834728105
100,26.838,1.007,649514.07,0.242,1.888,0.439,0.119,1.967,True,0.1870025582977728,0.21758779808278295,0.6708632009915297
101,28.111,1.121,368421.178,0.16,2.016,1.04,0.105,7.4,True,0.33114973927011393,0.39754387301062,0.531900375642122
102,20.564,1.095,631114.538,0.225,1.086,0.396,0.031,4.062,True,0.22932391760972884,0.16375204199059773,0.954315222750755
103,18.408,1.08,667476.45,0.167,2.397,0.572,0.052,8.213,True,0.2800219426879895,0.19021862669935916,0.5735781983195333
104,22.246,1.166,263968.912,0.091,1.416,0.592,0.016,1.47,True,0.3464045964108476,0.18111674056620813,0.6832153976668932
105,16.063,1.045,682044.088,0.199,1.186,0.49,0.162,8.425,True,0.2000849348217479,0.11678647553774232,0.7716383837722173
106,17.321,1.176,431997.279,0.095,2.137,0.315,0.189,6.634,True,0.33244525770209427,0.24821577417498375,0.7011036562177346
107,19.737,1.116,532774.957,0.209,1.904,0.694,0.056,7.057,True,0.31515272296117836,0.15559818853158783,0.6204785531563489
108,27.327,1.179,356258.647,0.085,1.391,0.779,0.035,3.002,True,0.4182542319789067,0.47685176950040414,0.3641710860325747
109,26.645,1.164,680024.616,0.213,1.437,0.482,0.314,7.399,True,0.48616598850779585,0.4431002851987905,0.4479613890472979
110,23.371,1.105,473000.342,0.233,0.995,0.901,0.283,5.918,True,0.3416382395948741,0.26672633378364846,0.43302916827646737
111,27.855,1.07,174409.267,0.249,1.328,0.633,0.012,8.118,True,0.3996062585206567,0.32664309447033874,0.7203241918667429
112,18.192,1.076,346194.68,0.05,2.37,0.838,0.107,9.893,False,0.3173236720714782,0.34694699725664707,0.6341695362786035
113,26.981,1.006,528697.206,0.165,1.801,0.485,0.028,1.315,True,0.2712909505073893,0.3147920502793905,0.6734679527651312
114,26.34,1.003,668276.487,0.245,1.575,0.791,0.244,5.69,True,0.3565569052348232,0.2948049521876853,0.2918619297309164
115,25.611,1.186,108664.175,0.244,1.044,0.876,0.111,4.918,True,0.29975266164536507,0.20471693140992306,0.9455358659321352
116,25.48,1.157,462314.586,0.205,1.525,0.577,0.292,1.93,True,0.25850871735535635,0.31463534953217165,0.5446641225583987
117,19.66,1.04,426187.913,0.197,1.843,0.792,0.135,9.365,True,0.22025219071663085,0.12956288115988668,0.7145000842683363
118,15.01,1.014,510656.304,0.24,2.16,0.942,0.088,1.112,True,0.1906986510521145,0.2521494191531572,0.8062986205522665
119,19.626,1.026,125057.716,0.159,2.098,0.494,0.146,2.254,True,0.13696348274884806,0.10216804874092984,0.8578693043513157
120,24.419,1.046,474050.331,0.139,1.362,0.312,0.18,6.287,True,0.2574193941113903,0.16750874974182703,0.6923379733571766
121,19.103,1.1,659023.446,0.168,1.913,0.265,0.115,3.352,True,0.20370706278890324,0.18132751841551223,0.628770146009271
122,16.589,1.05,235062.829,0.08,2.329,0.521,0.117,2.554,True,0.14393724444657854,0.09900452594478903,0.6647354007373125
123,22.829,1.151,273998.331,0.122,1.645,0.419,0.286,7.756,True,0.2558329888654862,0.22073725288643636,0.452712339834695
124,25.575,1.158,327285.257,0.1,1.986,0.412,0.278,6.894,True,0.36752979917904266,0.33772109152858093,0.6568086393837398
125,25.177,1.103,541543.089,0.182,1.644,1.138,0.233,1.31,True,0.1727833583754685,0.24707795862787124,0.6026668079066901
126,19.141,1.033,429935.671,0.169,1.746,0.305,0.161,5.079,True,0.21569376370924107,0.1287915131418418,0.718052866868249
127,18.982,1.005,125636.34,0.157,1.276,0.916,0.192,1.403,True,0.21195941305546634,0.17674362585266506,0.7199340045229331
128,22.327,1.172,440961.891,0.218,1.339,0.847,0.051,5.813,True,0.3813065773926565,0.2174860313699469,0.6526556655291391
129,19.416,1.026,658365.252,0.134,1.541,0.404,0.202,1.62,True,0.15753179447588067,0.10929745448161272,0.7699227568749023
130,19.313,1.037,219189.238,0.089,1.43,0.988,0.176,3.808,True,0.23330686324167738,0.12234027258867616,0.4830989510392883
131,20.754,1.073,380935.612,0.106,1.153,0.267,0.223,6.772,True,0.3201122431068685,0.23527123091814364,0.7181686601317526
132,21.118,1.003,537701.864,0.21,1.179,0.813,0.214,2.445,True,0.2141253421965548,0.25278869443636953,0.5733370164438046
133,16.512,1.172,335648.102,0.243,1.915,0.249,0.227,4.224,True,0.20931440044091465,0.2070842153529339,0.6722471187174207
134,29.786,1.091,478144.306,0.25,1.308,0.566,0.245,8.389,True,0.3015078696315974,0.25569815842339216,0.6894159187913103
135,24.422,1.031,318652.245,0.239,1.033,0.679,0.29,7.768,True,0.30441585009006755,0.24365107845296968,0.4527955613138592
136,25.212,1.057,300464.057,0.169,2.197,0.258,0.028,3.73,True,0.2713191557429813,0.24031668881510557,0.656089755708221
137,28.597,1.117,512478.708,0.212,1.353,1.114,0.281,1.609,True,0.2763458290116856,0.29668976046283924,0.5708218111916125
138,17.469,1.025,361703.846,0.205,2.135,0.837,0.326,8.447,True,0.45197450666686007,0.41295610319974596,0.5904359756361678
139,23.74,1.035,350788.959,0.125,1.938,1.014,0.175,9.845,True,0.29050222057731456,0.2622839788559113,0.5318920379943193
140,16.38,1.056,492817.458,0.09,2.318,0.611,0.17,7.096,True,0.24430031674935582,0.2233159162851498,0.4561116860226758
141,15.301,1.088,135688.511,0.169,2.18,0.641,0.092,8.718,True,0.1780958956626864,0.10319859657218368,0.7579820643696387
142,15.068,1.004,500042.665,0.091,1.378,0.31,0.058,3.678,True,0.3355193221187974,0.3301342126634108,0.6578277853079301
143,18.282,1.119,366444.211,0.057,2.004,0.818,0.165,4.54,True,0.36891370332530504,0.23927079571895116,0.6987069243530172
144,16.483,1.068,389407.061,0.17,0.999,0.719,0.144,2.359,True,0.11379399722111386,0.13362024921061263,0.8028482768574166
145,26.816,1.137,109398.726,0.122,2.39,0.564,0.136,9.184,True,0.21954563133397015,0.20235086892746232,0.3940430022073894
146,21.102,1.132,366319.792,0.211,2.368,1.122,0.063,9.281,True,0.23987598038822977,0.16313719930603268,0.6164433033305191
147,24.935,1.126,518633.074,0.11,2.172,0.766,0.091,2.383,True,0.2106876284641454,0.16465262965071448,0.5607389130661553
148,26.676,1.069,444557.656,0.133,1.792,0.488,0.28,6.95,True,0.2849682092137536,0.2693505642687079,0.7599891233959646
149,18.456,1.0,656315.559,0.115,2.27,0.431,0.284,6.296,True,0.30803926188367886,0.2550415816217872,0.8108330418921875
150,29.713,1.078,508192.161,0.084,2.156,0.568,0.122,1.946,True,0.28036528217071033,0.2505650033483137,0.607962283090531
151,20.013,1.013,387111.453,0.216,1.942,0.783,0.231,2.696,True,0.20924529244121826,0.19805100829982894,0.30592638984521214
152,27.714,1.005,271742.22,0.116,2.399,0.771,0.074,7.05,True,0.39119849759502445,0.4436004266297321,0.4360955498911704
153,28.143,1.159,415307.997,0.12,1.225,1.099,0.267,1.626,True,0.23234424843659787,0.20612674672144016,0.8078667042256038
154,23.502,1.19,395828.525,0.117,0.97,1.141,0.296,9.998,True,0.337459169542179,0.4095685237694685,0.6631642421442605
155,29.171,1.167,299497.031,0.108,1.38,0.606,0.118,3.081,True,0.2869843287960288,0.30542594991310784,0.5979485532391731
156,24.687,1.152,560983.072,0.164,1.4,0.923,0.201,5.379,True,0.3123524090050138,0.20459172673732237,0.4611099716497573
157,19.557,1.193,628965.751,0.139,2.075,0.877,0.199,1.686,True,0.23963212499966735,0.1643425181487711,0.450551690263194
158,20.399,1.154,115318.486,0.228,2.388,1.095,0.084,9.692,True,0.2890897015031832,0.18853324604782612,0.7482631139592145
159,18.062,1.045,214331.45,0.138,1.473,1.194,0.203,5.595,True,0.17453132725700718,0.10504432670485882,0.6872428608704549
160,15.513,1.127,400905.728,0.105,1.136,0.698,0.317,4.264,True,0.2252283022181239,0.20660854816680488,0.5744267532873559
161,21.033,1.128,117940.412,0.135,1.521,0.773,0.019,2.204,True,0.2754577755858339,0.21767354853278698,0.5778852178375578
162,16.125,1.086,432847.004,0.103,2.374,0.684,0.002,5.576,True,0.4235647268158047,0.44604396115392403,0.46086228281306135
163,18.004,1.168,354080.742,0.075,2.097,0.58,0.29,1.418,True,0.22176115334388033,0.17699158838668058,0.6487353967066688
164,23.3,1.194,592906.473,0.239,1.728,0.952,0.225,8.198,True,0.33297971970542334,0.19831113093271333,0.5920705493882691
165,19.569,1.065,448702.29,0.242,1.927,0.867,0.3,3.571,True,0.264235965345108,0.3738511745584992,0.30382473115792563
166,18.799,1.033,425730.68,0.21,2.054,1.077,0.114,5.169,True,0.259662002915311,0.1894686723644454,0.5598368124131886
167,16.72,1.179,419635.068,0.119,1.413,1.116,0.076,6.913,True,0.3770683100819225,0.36475321661710436,0.327687765276849
168,17.367,1.075,317562.428,0.237,1.174,1.149,0.266,3.219,True,0.2025137294100192,0.23224410731826864,0.5700986714523384
169,20.16,1.19,198587.048,0.124,2.229,1.094,0.254,5.342,True,0.3038796590273748,0.21808807823517204,0.6786923016893441
170,22.5,1.075,263567.502,0.096,1.607,0.546,0.333,7.798,True,0.4662176023934269,0.4479571026781285,0.5414330164384198
171,28.823,1.2,158000.567,0.249,1.716,0.384,0.2,5.725,True,0.2983744732254502,0.1998533106782857,0.5543757967020505
172,16.16,1.143,431677.581,0.2,2.385,0.622,0.312,7.073,True,0.22791520465850632,0.19446954132007205,0.6304666111323839
173,28.912,1.093,355155.515,0.195,2.28,1.026,0.332,5.021,False,0.5014163854694489,0.458777079794935,0.37469172158707426
174,23.833,1.112,531073.622,0.088,1.955,1.103,0.204,2.271,True,0.28242222533021066,0.20899465972597714,0.4584169075234893
175,25.999,1.036,177291.509,0.06,1.849,0.888,0.307,1.33,True,0.2651699541677458,0.2260417311470972,0.7660542286302047
176,28.791,1.081,372454.131,0.168,1.055,0.795,0.175,6.483,True,0.2832590904448024,0.18439231333359368,0.7139336832851972
177,17.206,1.013,182146.056,0.076,1.691,0.886,0.266,6.248,True,0.25944124832536314,0.27135482351487006,0.6832428466776123
178,26.17,1.002,254949.847,0.125,1.193,0.875,0.032,6.789,True,0.3477412783515694,0.45120152835598143,0.47057398408699125
179,26.966,1.048,613913.037,0.248,1.993,0.824,0.098,2.842,True,0.24478420179570257,0.33163953900616966,0.6931669300077907
180,29.767,1.086,552885.452,0.15,2.296,0.963,0.235,3.956,False,0.2781257640074122,0.2568914446251604,0.4415891969566821
181,22.647,1.162,206689.101,0.183,2.379,0.561,0.035,8.935,True,0.27413957243030945,0.12704360049288096,0.448217887206419
182,29.951,1.154,175188.19,0.193,1.126,0.57,0.047,4.164,True,0.2824321736500089,0.28567382277557346,0.5712880387812779
183,21.206,1.017,687994.913,0.243,2.051,0.31,0.209,2.493,True,0.25468672423860533,0.25969018815933714,0.5080898001065681
184,23.952,1.099,123961.399,0.088,2.214,0.56,0.251,1.769,True,0.1961613513707911,0.1548937143198798,0.7460853840036497
185,26.4,1.187,325637.698,0.147,1.09,0.276,0.021,5.843,True,0.4104623134642993,0.4236834213960587,0.3196190386035191
186,28.233,1.083,684661.684,0.104,1.199,0.422,0.093,2.642,True,0.2679086086928395,0.24086188676520898,0.4716070386973353
187,20.87,1.176,362264.27,0.089,1.44,0.646,0.324,9.714,False,0.4194711007856608,0.48248564894751633,0.48226553118785376
188,17.931,1.144,531752.746,0.087,1.239,0.373,0.152,8.383,True,0.2767270243658505,0.2811803990669569,0.518168432223901
189,25.605,1.039,570407.943,0.135,1.132,0.288,0.152,1.59,True,0.1734481719922826,0.137857360035064,0.5283146556400318
190,28.323,1.051,122673.589,0.074,1.184,0.712,0.19,2.233,True,0.19701564555953024,0.13429457533867334,0.7332774197532318
191,27.536,1.103,671242.196,0.236,1.313,0.675,0.184,7.136,True,0.2642653549485532,0.1805597524805585,0.6091108912578213
192,15.682,1.047,356812.728,0.177,2.182,0.588,0.243,8.084,True,0.17735074125093514,0.13704560605104377,0.7177365879478388
193,16.341,1.126,302082.547,0.185,0.98,1.032,0.217,2.124,True,0.09825078445340386,0.15907685543365688,0.7388969060320925
194,15.046,1.024,659577.783,0.208,1.223,1.144,0.285,4.249,True,0.29303330350728374,0.28416902428379676,0.7058779189258567
195,28.399,1.124,606432.013,0.221,1.303,0.688,0.104,5.458,True,0.30579970118603234,0.36290549343657075,0.6690396674309476
196,25.38,1.067,496921.245,0.071,1.739,0.909,0.299,9.033,True,0.4768700711767279,0.44658723606918665,0.5660486458329315
197,17.895,1.043,635565.795,0.173,1.406,0.991,0.12,4.232,True,0.21887864317195954,0.16387448855427802,0.680664523092666
198,29.475,1.165,209768.988,0.066,1.66,1.024,0.155,7.348,True,0.39002617925742245,0.38535149606997987,0.6778909338350607
199,18.094,1.14,293493.373,0.126,1.481,0.406,0.082,4.641,True,0.22070043235899484,0.13624312824771403,0.630778868089379
200,16.228,1.083,353534.601,0.116,1.164,1.196,0.133,4.099,True,0.18064327116244616,0.12538016483190279,0.681906471368271
201,23.976,1.125,188177.305,0.126,1.234,0.43,0.311,2.427,True,0.2245463692846936,0.2270228423783087,0.6286279490247688
202,29.408,1.039,112969.929,0.194,2.286,1.015,0.254,5.871,True,0.3362008913528583,0.30605054377651597,0.548813715248382
203,26.492,1.143,670735.02,0.166,1.219,0.279,0.324,5.878,True,0.37935642404454406,0.3830471332426421,0.6147213304503065
204,25.923,1.087,497406.067,0.059,1.111,0.594,0.094,3.711,False,0.41239577143019607,0.33234153778148384,0.5326394956142408
205,29.812,1.019,197026.532,0.205,1.721,0.757,0.157,8.625,True,0.33961670852007647,0.18120302056533863,0.6357989369077092
206,21.012,1.137,690733.128,0.136,1.637,0.583,0.044,2.936,True,0.23525006604827095,0.1725322112331684,0.6296063980480272
207,18.484,1.181,666111.594,0.166,1.782,1.059,0.025,6.096,True,0.34243822461587825,0.24368644444772078,0.6038196815929052
208,20.588,1.065,444041.432,0.12,1.878,0.359,0.248,3.438,True,0.19690604123414074,0.13834206587517275,0.629817406295787
209,26.059,1.029,329665.942,0.09,1.9,0.337,0.243,2.328,True,0.20865015224299815,0.1554913937114662,0.7724158170389421
210,26.357,1.054,696017.832,0.178,1.682,1.086,0.182,4.959,True,0.23259192463643283,0.177462021263229,0.6249065578751705
211,28.832,1.086,421871.171,0.224,1.665,0.786,0.218,4.289,True,0.3081499129567139,0.312131316173103,0.6356333785601326
212,29.521,1.049,403845.387,0.143,1.011,0.953,0.216,5.981,True,0.29783487024201044,0.23673484369351835,0.7476734495945024
213,28.202,1.138,420380.529,0.196,1.911,0.799,0.281,9.968,True,0.3051531396048844,0.2699908664473818,0.5419246849800478
214,16.776,1.003,220707.572,0.25,1.641,1.117,0.139,5.62,True,0.22163865640286254,0.1920223123142175,0.5921117176790085
215,17.444,1.034,114353.69,0.056,2.072,0.74,0.211,3.127,True,0.17890104977750898,0.12988581617598216,0.7034730184867194
216,23.931,1.156,612683.895,0.119,1.633,0.474,0.04,1.241,True,0.2751744599344171,0.15003743885703802,0.6160841374919249
217,20.851,1.03,566469.143,0.054,1.961,0.905,0.008,7.124,True,0.7655307419872349,0.8033673610132408,0.4530816711525175
218,20.493,1.155,281502.601,0.061,1.793,0.604,0.173,3.334,True,0.3031705691005268,0.19570306011643296,0.5475983518785987
219,26.906,1.089,342241.287,0.157,1.703,0.655,0.053,6.559,True,0.35606861473036155,0.3555471304024077,0.539266729744533
220,22.86,1.103,215894.657,0.099,1.382,0.656,0.051,6.396,True,0.3474022170303064,0.3178922854189381,0.5067330648020848
221,19.645,1.056,386258.298,0.091,2.204,0.383,0.009,6.568,False,0.43968113779965146,0.37637087125237406,0.581099645054835
222,16.641,1.13,231005.953,0.197,1.318,1.0,0.061,9.424,True,0.22464543447736113,0.16245212620527438,0.75040355247331
223,25.647,1.023,566806.857,0.069,0.99,0.781,0.027,9.198,False,0.5261858005459916,0.6001614385419031,0.6810200579481774
224,21.689,1.162,309396.961,0.197,2.003,1.172,0.32,4.876,True,0.40678634731259533,0.31428642091520276,0.36159284499907446
225,27.782,1.196,351841.965,0.148,1.057,0.816,0.189,4.394,True,0.2965127358194111,0.23705559052500882,0.720747506536342
226,23.155,1.062,615043.323,0.084,1.654,1.087,0.197,7.549,True,0.3943771282552582,0.351851336265441,0.5426238958054223
227,25.022,1.18,155959.766,0.186,1.453,0.898,0.126,3.11,True,0.23632832265047157,0.21944410705605974,0.7829855113992547
228,22.707,1.2,251955.984,0.097,1.047,0.52,0.279,7.771,True,0.3540113946758062,0.31278971807005823,0.35539284026643997
229,26.923,1.02,254171.226,0.15,2.219,0.294,0.019,2.22,True,0.23304199163079395,0.259259972579133,0.7170010322211151
230,27.26,1.102,213522.125,0.054,1.618,0.699,0.201,5.859,True,0.3544092725883388,0.30161028783106447,0.590321217158394
231,25.413,1.195,198145.466,0.154,1.465,0.641,0.055,6.702,True,0.3710142113127494,0.40871571213102525,0.46034636999415957
232,28.132,1.03,418168.45,0.176,1.784,0.805,0.241,7.59,True,0.3006691032575264,0.2181583063917436,0.6411607490942692
233,18.343,1.019,437935.85,0.118,1.271,0.943,0.124,8.536,True,0.24302337696720214,0.1824048200574995,0.5559815462655928
234,28.632,1.071,387651.642,0.191,2.278,0.993,0.128,8.944,True,0.33687043955758833,0.25625873693244466,0.5528621902199881
235,27.06,1.183,411080.035,0.094,1.142,0.973,0.164,3.751,True,0.397218214859245,0.28961377371542435,0.5129954786481117
236,18.152,1.178,334824.005,0.17,1.197,1.023,0.287,9.869,True,0.3269519030416155,0.2817191478054042,0.6283648412819515
237,24.485,1.144,147579.883,0.122,1.683,0.39,0.151,5.012,True,0.18705414073013368,0.11595521348120716,0.5919038262499214
238,22.392,1.123,592292.819,0.249,2.123,0.553,0.015,9.471,True,0.2940485527678218,0.14198353027446256,0.7035004108368169
239,18.912,1.162,451090.302,0.21,1.539,0.573,0.001,6.184,True,0.37004178445774677,0.2977013351741586,0.6503470306015797
240,27.691,1.185,320705.058,0.097,1.397,0.612,0.006,8.466,False,0.7008445406351855,0.7912044018060019,0.4097628491497587
241,27.304,1.146,436307.79,0.246,2.131,0.861,0.245,6.44,True,0.3349182694168463,0.2166293147001376,0.4755957448563475
242,24.744,1.165,357617.382,0.228,2.217,0.434,0.33,2.541,False,0.48519374431381296,0.4622482510573178,0.4611694483713229
243,17.424,1.072,230218.422,0.094,1.641,1.182,0.125,5.9,True,0.23623171752612135,0.2001665153406706,0.512796515148045
244,27.205,1.024,656027.85,0.242,1.892,0.417,0.182,6.129,True,0.29121528003740027,0.2117072357393693,0.6254821936435465
245,28.466,1.154,203316.571,0.092,2.248,1.186,0.217,6.895,True,0.3367317132798585,0.3119850209788362,0.7778757564106559
246,15.661,1.055,411530.241,0.108,1.019,0.651,0.248,3.387,True,0.17575615517175092,0.16412915051783325,0.8387312791056449
247,17.518,1.196,177530.796,0.101,1.64,1.169,0.13,7.926,True,0.24997033304575036,0.2230759753248936,0.5665723230983508
248,19.303,1.147,694098.64,0.218,1.088,0.589,0.274,2.018,True,0.29159285981157274,0.36227881111899285,0.5335591117185029
249,17.48,1.115,604962.613,0.063,2.229,0.826,0.329,9.516,True,0.30938901524348283,0.3350424364465202,0.8136218170414818
250,22.441,1.025,417570.011,0.086,2.055,0.92,0.153,6.576,True,0.3754675100634571,0.27364059961934606,0.5019710691950562
251,15.401,1.136,163714.298,0.188,2.147,1.155,0.06,4.523,True,0.22203859026895525,0.22397147765620096,0.7816552166884153
252,21.611,1.112,439606.692,0.206,1.823,0.767,0.135,2.066,True,0.17999779704819255,0.20593183784296895,0.5935352149111616
253,19.467,1.112,192852.942,0.187,1.364,1.118,0.133,9.026,True,0.15464250417361725,0.09230456495567456,0.6902485973908585
254,24.088,1.047,550228.988,0.207,2.092,0.714,0.005,5.416,True,0.40270624500807417,0.40852745844136873,0.6113329992944186
255,24.852,1.156,396628.955,0.051,1.657,0.575,0.101,8.415,False,0.45412966139861416,0.4648238980314128,0.4109437989289608
256,26.275,1.012,291998.222,0.114,2.141,0.356,0.199,3.23,True,0.267087334074103,0.17790486887355675,0.8130292222730352
257,16.069,1.185,474514.076,0.078,2.336,0.851,0.138,1.892,True,0.1977516341144714,0.1270113927597403,0.8724238285610503
258,28.34,1.117,652680.274,0.248,1.384,0.854,0.317,8.355,True,0.38818979985880464,0.34604118796555783,0.603421304976151
259,21.739,1.114,186318.629,0.16,2.084,0.512,0.201,3.74,True,0.13709529887212704,0.09679860387569711,0.6123194590933597
260,25.253,1.194,614237.566,0.116,2.029,0.511,0.236,9.701,True,0.3208624829518432,0.35096165806312557,0.7282891936113493
261,23.768,1.157,261118.302,0.169,1.116,0.547,0.057,9.046,True,0.3138536525643194,0.17364647205140088,0.4677027583305809
262,29.322,1.027,300113.202,0.096,1.759,1.193,0.124,8.032,False,0.29069701319256946,0.4308847766066046,0.5535655534225016
263,20.955,1.159,498682.991,0.158,2.015,1.031,0.281,7.866,True,0.33105332906133084,0.19382032182546943,0.5087570744236204
264,20.768,1.177,456984.93,0.083,2.101,1.058,0.147,2.473,True,0.30401932347196936,0.17108846992226615,0.623906664358683
265,25.49,1.038,120726.59,0.143,1.59,1.063,0.106,6.133,True,0.3355158183539189,0.23725987668777976,0.38571383576325613
266,27.632,1.174,274873.241,0.083,1.3,1.017,0.255,6.027,True,0.3655970984897791,0.3167531386156705,0.48816514839944725
267,29.87,1.009,567770.079,0.189,1.429,0.537,0.136,2.665,True,0.2781792044047958,0.2577391903311618,0.44179431303435956
268,18.7,1.143,167053.214,0.05,1.035,1.185,0.271,6.279,True,0.31825526578842944,0.37673829960906074,0.609909413875129
269,23.288,1.002,590090.866,0.136,1.735,0.368,0.171,9.379,True,0.24730843270605093,0.19157795711188605,0.6893363060135309
270,15.723,1.024,530368.293,0.136,1.858,1.151,0.071,3.054,True,0.18764915431188678,0.25255477933001946,0.6793926727000285
271,23.01,1.2,559176.146,0.161,1.267,0.555,0.263,5.205,True,0.37055589510734677,0.26727832489512726,0.517639918466116
272,21.813,1.166,563777.861,0.162,1.554,1.022,0.224,8.27,True,0.32159776687817593,0.1808486166462148,0.6580515516898771
273,23.528,1.161,142880.488,0.077,1.482,1.064,0.208,9.245,True,0.3243162892444341,0.2895673541394575,0.606552630958132
274,22.906,1.01,436859.1,0.237,1.985,1.01,0.034,7.871,True,0.34936091206402187,0.16961815772092312,0.5760402069235409
275,29.648,1.054,244600.009,0.109,0.976,0.662,0.154,2.774,True,0.19164113403911687,0.15553988660014959,0.5946596033358466
276,19.481,1.111,677391.083,0.171,2.018,1.125,0.126,2.402,True,0.22608051640973403,0.1960461639657913,0.6437745466082067
277,17.188,1.139,433886.195,0.23,1.923,1.039,0.102,5.325,True,0.20814268172682227,0.17836374981811356,0.68003422968039
278,21.295,1.092,488339.037,0.077,1.31,0.981,0.23,3.365,True,0.24100868555899818,0.1412943226910066,0.6342053771373599
279,20.285,1.116,534088.963,0.1,1.814,1.047,0.303,9.789,True,0.3292320000459084,0.47766684700586165,0.6505707077554359
280,18.514,1.163,274022.755,0.06,1.065,0.745,0.149,7.707,False,0.30531056469672885,0.27873492039883185,0.6565825627299546
281,28.988,1.08,544740.908,0.134,1.3,1.171,0.292,9.484,True,0.266501966495747,0.3191834260524026,0.5784933784127987
282,28.956,1.097,626351.816,0.204,1.028,0.539,0.149,4.119,True,0.2272110744380195,0.2485356445078796,0.7306379636989729
283,22.675,1.037,255767.463,0.154,1.307,0.938,0.09,3.94,True,0.201381949519165,0.14570721880599866,0.556723809165474
284,18.818,1.057,187273.037,0.234,1.266,0.896,0.129,8.775,True,0.18952413894493741,0.10865995013235755,0.6885806124584319
285,17.987,1.052,329003.236,0.172,2.127,0.36,0.086,2.057,True,0.15188127210293031,0.13283319884061925,0.7031502926820197
286,22.416,1.153,648408.982,0.239,1.083,0.986,0.303,2.242,True,0.3315711812778053,0.33833002275190355,0.31568636505334763
287,27.759,1.008,458715.333,0.065,1.395,0.797,0.135,8.494,True,0.48959823375212685,0.4578126142124571,0.49930968133105286
288,22.065,1.127,337978.854,0.074,1.951,0.649,0.27,8.407,True,0.3176944486516951,0.30731577154898265,0.49735539198148215
289,17.078,1.15,401854.446,0.081,1.719,1.008,0.237,4.258,True,0.2850554370658136,0.20619329559914792,0.7238073895517785
290,22.88,1.147,170201.472,0.072,2.393,0.277,0.146,8.163,True,0.26595650914445473,0.2683222168677811,0.4866137728201176
291,22.72,1.196,242429.457,0.063,1.529,0.67,0.251,6.185,True,0.34163486165541423,0.29500280332397066,0.4743993503011259
292,15.23,1.183,353058.542,0.225,1.185,1.032,0.156,4.271,True,0.27106739553891,0.25626409461484384,0.7230161757647396
293,23.118,1.034,655402.758,0.062,1.507,1.079,0.306,4.973,True,0.4460350945966081,0.33404234987894865,0.5132048171124942
294,28.901,1.058,128809.308,0.058,2.058,0.744,0.31,4.592,True,0.41165625500711783,0.32990469409934636,0.6260281583371542
295,27.464,1.056,476569.314,0.113,1.351,0.37,0.071,3.379,True,0.28374207226148074,0.28323412552602395,0.44412842649412826
296,17.047,1.183,243701.466,0.172,1.303,0.562,0.077,7.442,True,0.29080751265657484,0.2062468338854759,0.6687017500736346
297,20.046,1.129,401691.968,0.157,1.113,0.264,0.022,3.046,True,0.22037111232393433,0.19213368720830024,0.6954653196306025
298,21.16,1.194,257836.406,0.058,1.856,0.336,0.021,1.186,True,0.33603567600022966,0.23913901015170644,0.6558844632715218
299,19.848,1.126,196333.545,0.096,1.982,1.08,0.297,1.55,True,0.2072491235902452,0.21574401496971865,0.8098905292170093
300,24.066,1.158,600509.225,0.116,2.368,1.128,0.045,4.631,True,0.3913322512797555,0.29533959272334004,0.6211781975788058
301,25.722,1.016,206081.891,0.211,1.686,0.382,0.317,2.52,True,0.3399195379000905,0.41528123804126654,0.5380813012434985
302,18.401,1.014,312507.934,0.126,1.565,0.695,0.076,7.877,True,0.2773465568291989,0.19955535992990187,0.44149264679312944
303,18.598,1.107,328515.501,0.128,1.751,0.754,0.081,1.394,True,0.17255009493909443,0.11616781751942268,0.6860465305425226
304,27.616,1.009,373457.413,0.074,1.673,1.06,0.024,3.988,False,0.47482835987891236,0.34858887421159734,0.43549994700745825
305,16.045,1.163,588523.844,0.136,1.041,0.784,0.259,1.843,True,0.1923163334996708,0.18638242161447893,0.5350384014470255
306,20.49,1.061,336949.298,0.077,1.499,0.87,0.172,2.14,True,0.1894845892560188,0.09396117648025672,0.5781290592199508
307,15.431,1.048,565515.794,0.07,1.096,0.243,0.075,8.723,False,0.26264455307878015,0.30368210737016227,0.7548033825888316
308,15.86,1.182,478853.807,0.101,1.948,0.878,0.173,8.832,True,0.2317089279563702,0.2573081560941276,0.6253170325094929
309,28.229,1.172,250018.713,0.156,1.233,0.272,0.127,8.585,True,0.2562404663563771,0.1889323392023092,0.5060098202489263
310,20.202,1.011,593263.372,0.109,2.152,0.708,0.016,4.851,True,0.43818978608310544,0.4151114436485226,0.471523297683772
311,18.623,1.066,264824.603,0.153,1.941,0.617,0.269,8.91,True,0.24566737286714638,0.2354807915367002,0.6661629548042025
312,27.444,1.148,277718.313,0.105,2.185,0.421,0.087,9.053,False,0.3379532589879236,0.5071006656503422,0.5195883168815243
313,22.777,1.097,575683.629,0.107,1.535,0.619,0.312,5.936,True,0.3106923803421275,0.24947968895488926,0.6263822810025987
314,15.466,1.146,315909.119,0.145,1.699,0.914,0.321,6.33,True,0.2521359212415985,0.2609916597331891,0.46246827754123404
315,19.324,1.008,636866.131,0.213,2.215,0.822,0.186,2.264,True,0.24470009111638275,0.24013808555786997,0.6529853825936504
316,16.091,1.155,195647.292,0.233,1.444,0.965,0.295,4.804,True,0.2914102677828372,0.3116515978657862,0.48409323287284456
317,25.685,1.161,179034.42,0.158,1.722,0.43,0.092,8.572,True,0.23545772546474378,0.1503195779957427,0.47134466905054906
318,29.799,1.055,581609.982,0.106,1.043,0.506,0.125,5.475,True,0.26676270007923103,0.25985115023684174,0.47459507300206777
319,21.258,1.098,212467.477,0.072,0.972,0.76,0.042,5.392,True,0.39660998589989105,0.2938380832276455,0.5690635622590194
320,23.195,1.015,286535.578,0.064,0.962,0.904,0.332,6.522,True,0.4263642717071062,0.39049722537060083,0.5993432415006235
321,15.296,1.17,685834.595,0.054,1.182,1.16,0.008,2.452,False,0.3232258451621611,0.24760987665084083,0.736600493790771
322,17.232,1.171,546776.339,0.154,2.07,1.147,0.123,5.635,True,0.29185002602314114,0.18949189106241093,0.6206623674627793
323,26.821,1.021,644939.325,0.217,1.496,1.158,0.095,6.981,True,0.39050109960797047,0.316774248740436,0.48843308170306576
324,18.087,1.028,285530.182,0.064,2.116,0.373,0.182,2.196,True,0.1428383757293075,0.11378812511983756,0.7662057012291956
325,22.408,1.096,668137.545,0.082,1.004,0.4,0.039,7.079,True,0.5390500923824951,0.5310592494121067,0.39202850640013354
326,26.875,1.164,341305.692,0.065,1.968,0.438,0.207,2.62,True,0.3166379567516672,0.17987057340062682,0.5193085163210224
327,25.273,1.152,623846.668,0.202,1.818,0.643,0.163,1.663,True,0.19002704765924527,0.20738656243680242,0.5317700371657458
328,28.096,1.022,407106.423,0.143,1.324,0.912,0.153,8.674,True,0.2794125545853629,0.214504885041346,0.5333337807818147
329,19.344,1.186,244418.085,0.236,1.799,0.486,0.079,2.482,True,0.23391756197403665,0.21892907719746957,0.9123700930914708
330,24.922,1.108,556359.718,0.086,1.613,0.746,0.093,2.676,True,0.24907177425845672,0.18743125631144109,0.3016831503374583
331,21.368,1.188,342622.867,0.07,2.324,0.332,0.041,2.046,True,0.28849560701171817,0.1933271604963871,0.730664758534281
332,29.501,1.179,518904.493,0.187,1.101,1.004,0.067,7.109,True,0.3487528861488977,0.33926373865614573,0.6733892045864036
333,19.207,1.171,215332.146,0.198,1.771,0.738,0.333,6.419,False,0.4321373332502,0.477540861333439,0.6016279460376951
334,28.522,1.032,513272.842,0.177,2.011,0.832,0.03,1.54,True,0.24441918698993212,0.3253109267556992,0.6083827383698844
335,21.176,1.086,214724.598,0.093,1.677,0.688,0.039,3.993,True,0.3995963479926545,0.29845101991234824,0.4596525931365954
336,28.252,1.176,679305.994,0.14,2.057,0.807,0.187,4.171,True,0.3250062330720848,0.22484481625882327,0.5789005887183298
337,20.828,1.123,142423.528,0.063,1.667,0.723,0.148,2.183,True,0.17071046692451544,0.10942994154460521,0.6030581470064196
338,21.8,1.102,233744.985,0.191,2.284,0.246,0.042,8.304,True,0.271297527823299,0.13583528703969588,0.6694820004892706
339,29.677,1.042,352149.312,0.198,1.007,0.321,0.289,7.894,True,0.2978120557002673,0.3005727898503839,0.7815420921618983
340,26.763,1.02,628153.799,0.067,1.737,0.338,0.229,2.409,True,0.2895377050414996,0.20214781112509805,0.7814288200762506
341,26.25,1.157,381959.562,0.138,1.49,0.998,0.206,3.105,True,0.2698602929704064,0.2010600293369638,0.6678607793259504
342,24.362,1.114,454197.793,0.153,2.264,0.936,0.08,6.963,True,0.31556979968144755,0.17023858315670895,0.6002133322817618
343,16.887,1.079,691494.71,0.151,2.259,0.848,0.257,6.316,True,0.2558871462208921,0.19478494276603295,0.6862383725677962
344,27.749,1.063,221953.744,0.067,1.24,0.966,0.1,4.791,True,0.5183597651144438,0.5749184272901162,0.5462786981650369
345,24.728,1.178,599658.567,0.137,1.71,0.842,0.245,7.81,True,0.33247184429996274,0.24762326263443493,0.6774443002046974
346,22.107,1.092,459519.639,0.243,1.0,0.732,0.206,7.245,True,0.220272559994622,0.13714192973732636,0.5747715310597387
347,29.148,1.13,511613.473,0.233,2.187,0.958,0.178,9.383,True,0.3301884994975457,0.20199036293315853,0.51804529139912
348,28.608,1.138,364562.558,0.178,1.937,0.4,0.029,9.858,True,0.3539455134185975,0.32556760928762535,0.48095644400987175
349,27.333,1.106,191973.087,0.066,1.582,1.055,0.275,7.317,True,0.3289512010862888,0.3502747716817908,0.45897420733553784
350,29.3,1.018,110855.558,0.246,1.255,0.66,0.054,5.269,True,0.3154222263282196,0.36373642880598245,0.5654939533946396
351,17.386,1.074,454882.554,0.175,1.165,0.677,0.196,6.111,True,0.1728604564005488,0.09706224868937222,0.6138621286201325
352,28.07,1.004,360202.054,0.076,0.986,1.065,0.128,5.186,True,0.4455395493814482,0.3782792297820865,0.5879571990893656
353,28.446,1.187,217756.778,0.191,1.269,0.395,0.097,8.882,True,0.29488192976422856,0.285335610108411,0.5815572063072392
354,17.25,1.183,650867.173,0.186,1.209,0.913,0.167,3.422,True,0.22432884863767202,0.1372596406812571,0.5679381438811745
355,15.596,1.104,269507.916,0.123,2.312,0.635,0.107,5.972,True,0.1748737886057101,0.12840415533360935,0.5998307062791282
356,16.304,1.076,529296.525,0.159,1.246,0.247,0.22,1.414,True,0.10407187298215287,0.135877859893827,0.8485574123990072
357,26.731,1.046,603895.689,0.052,1.216,1.104,0.088,1.923,True,0.38474333848266906,0.3771811000506607,0.479768015729748
358,22.997,1.191,363177.01,0.085,2.356,0.322,0.067,1.6,True,0.2943137636549939,0.18270421060969644,0.722128797065401
359,17.941,1.055,287242.584,0.08,1.611,0.794,0.014,9.906,False,0.5979467897439179,0.6874220102441628,0.6341695362786035
360,16.42,1.17,480894.918,0.224,1.134,1.047,0.258,2.043,True,0.23048751591732133,0.30331456119652905,0.5343889360337598
361,18.381,1.122,673819.03,0.097,1.001,0.54,0.132,4.491,True,0.2993535770678054,0.2060623253948515,0.6089537797431318
362,17.495,1.044,427166.472,0.206,2.34,0.576,0.156,6.948,True,0.20033343990428049,0.09271693655478482,0.7241027155409568
363,22.206,1.148,249439.891,0.175,2.238,0.867,0.143,8.85,True,0.2476652529443236,0.1349700288563867,0.5262968964357178
364,25.545,1.19,399683.02,0.121,1.527,1.163,0.277,4.738,True,0.374179259473494,0.3224524599408383,0.682400411485695
365,18.668,1.19,133190.466,0.193,1.285,0.583,0.056,5.605,True,0.2525760663866283,0.1368558228772078,0.8344388229558247
366,24.272,1.157,218544.581,0.091,1.484,0.957,0.274,3.882,True,0.3051672501440986,0.1914650538844105,0.5350715229868979
367,19.932,1.17,520312.753,0.212,1.273,1.056,0.142,6.809,True,0.2608407204653318,0.14039214686662943,0.585915829264066
368,20.659,1.122,242175.186,0.131,1.829,0.847,0.283,6.753,True,0.23809960834648758,0.21014012532707932,0.47128510989566885
369,22.123,1.192,662649.298,0.14,1.839,0.553,0.179,9.746,True,0.2671771130346889,0.163716085880841,0.6259682346515312
370,21.89,1.066,651611.179,0.134,2.104,0.759,0.109,7.271,True,0.2539224650198259,0.18253459303097586,0.5954213797250741
371,16.665,1.082,310947.098,0.116,1.383,0.777,0.063,6.232,True,0.2985973498454762,0.32031113309614606,0.52299194477633
372,23.407,1.134,270419.334,0.114,1.107,1.035,0.031,1.742,True,0.27974161635963607,0.2010394482668168,0.6539979219544999
373,16.489,1.035,642274.188,0.135,1.6,0.84,0.13,9.321,True,0.19642687582532012,0.2022811393005737,0.610024822040151
374,25.851,1.119,424920.085,0.109,1.005,0.602,0.098,2.591,True,0.20123648053134982,0.14890608325354487,0.3520081081445969
375,20.337,1.198,208499.096,0.248,1.703,1.18,0.332,8.635,False,0.40285328700743717,0.41347609873017516,0.6016279460376951
376,25.897,1.081,302380.368,0.244,1.629,1.102,0.072,2.293,True,0.18741384553524176,0.27073684110127605,0.7558341575743753
377,21.07,1.19,205562.726,0.114,2.023,0.885,0.141,9.562,True,0.2982158904171444,0.27149164547273114,0.5404232465421601
378,17.104,1.11,251195.586,0.052,2.361,0.884,0.15,2.738,True,0.23205664162643316,0.20646994404163427,0.7720127229851187
379,19.256,1.075,413033.061,0.205,2.021,0.339,0.078,3.282,True,0.1864542699944473,0.15720070637383263,0.6712732371447862
380,23.436,1.115,697333.281,0.232,1.068,0.803,0.07,7.617,True,0.28570874419253267,0.1604667305377699,0.7377693570425576
381,24.447,1.077,583513.425,0.058,1.775,0.45,0.223,2.864,True,0.2663181162666438,0.22852499630294873,0.6538814547258657
382,24.758,1.148,699535.464,0.109,1.563,0.986,0.164,1.648,True,0.2887253814224937,0.22438442836619013,0.5129048077209503
383,19.589,1.11,308050.051,0.2,1.458,0.513,0.019,4.324,True,0.23903050805850196,0.2352147189804573,0.817111735896105
384,17.676,1.192,276486.703,0.152,2.018,0.557,0.284,3.792,True,0.2126652802733143,0.2103436052264381,0.5068661094322442
385,22.288,1.077,119777.856,0.133,1.222,0.962,0.326,4.023,True,0.3805598704686181,0.3483574971097241,0.6482100504678291
386,26.323,1.04,586762.331,0.229,1.265,0.616,0.106,5.709,True,0.2710406501726422,0.2161985338418621,0.6277802284018522
387,19.115,1.181,392704.901,0.166,2.221,1.17,0.16,6.91,True,0.3252525303271216,0.1851691653236884,0.6711782155406029
388,26.04,1.011,443001.899,0.055,1.992,0.341,0.27,5.637,True,0.4071008836194774,0.33604777448951695,0.9605749570414357
389,16.9,1.006,660299.698,0.143,1.909,0.462,0.004,9.825,False,0.3629154464392604,0.3908632130180013,0.6559653677283412
390,19.526,1.14,271377.52,0.185,1.528,0.823,0.01,9.532,True,0.348002126936835,0.18929555921556984,0.5052280187877526
391,26.374,1.107,577480.851,0.19,1.596,0.241,0.261,5.887,True,0.28916824329833074,0.23327130175644878,0.5505807721691716
392,23.509,1.149,484082.463,0.149,2.066,0.907,0.04,3.551,True,0.33120563664021996,0.2194914565582248,0.6162462511139756
393,24.897,1.111,167619.277,0.18,1.621,1.187,0.015,9.389,True,0.41415407031538465,0.43812208772314926,0.4731747306080363
394,28.165,1.107,596862.79,0.213,2.292,0.599,0.224,3.961,True,0.29243062033291267,0.2799494151894307,0.39420150456820846
395,17.721,1.182,204104.121,0.079,1.735,0.349,0.069,3.971,True,0.3249354566665013,0.22225660837131306,0.6140600700829236
396,22.195,1.049,138349.066,0.199,1.798,0.627,0.078,2.03,True,0.12538398052987074,0.14530213098033454,0.7622532415830668
397,28.368,1.027,266127.915,0.066,1.52,0.617,0.002,6.999,False,0.6764948977885736,0.7490045002822994,0.4785357011142462
398,28.752,1.028,104671.094,0.073,2.052,0.456,0.038,1.814,True,0.29762924720994205,0.23864531556465723,0.7640420686190016
399,18.925,1.146,447254.25,0.127,1.248,0.796,0.09,9.916,True,0.2344686178173631,0.27093546237565147,0.5607951131536871
400,19.618,1.099,389994.865,0.215,1.869,0.725,0.033,9.139,True,0.3393422574621311,0.19265312293920642,0.5603117596377558
401,19.223,1.038,145266.028,0.053,1.705,0.715,0.162,6.166,True,0.30938116964201395,0.24483831714106344,0.5463971073882319
402,26.309,1.01,231799.541,0.161,1.452,0.381,0.31,9.29,True,0.3653253240750381,0.3429239870941237,0.6920964077332463
403,15.22,1.089,126793.743,0.052,1.817,0.995,0.215,5.106,True,0.2523794663932715,0.23041537620599872,0.654273864881
404,25.89,1.036,339355.913,0.192,1.931,0.323,0.275,3.174,True,0.23013016623408755,0.2551240278884825,0.5258886109331745
405,22.067,1.182,252901.786,0.061,1.371,0.492,0.202,1.039,True,0.22531886385522548,0.14904970103989104,0.5599642046126487
406,22.514,1.091,501758.261,0.064,1.825,1.164,0.222,8.794,True,0.3193324027143757,0.30319087470427386,0.6894728476382785
407,25.799,1.176,103776.24,0.225,1.659,1.092,0.181,4.564,True,0.3498896440683509,0.2822975133950908,0.7801433653109188
408,25.652,1.058,133705.565,0.133,2.273,0.773,0.302,4.302,True,0.30002896693193615,0.29008990710581134,0.4051992510644801
409,27.141,1.001,388482.999,0.111,1.461,0.937,0.246,3.825,True,0.3135281383110183,0.22587737559946705,0.7213983813605623
410,18.849,1.168,317997.975,0.119,1.668,1.053,0.191,8.808,True,0.2682604586372076,0.16513974168337836,0.6177670677055225
411,17.0,1.166,157548.032,0.166,1.319,0.523,0.125,5.907,True,0.20827941983230006,0.12277278819753366,0.6776007548173634
412,23.58,1.111,296454.634,0.14,2.237,0.599,0.164,3.787,True,0.1758723192986752,0.11626124165405807,0.6897259218309159
413,18.573,1.155,467946.973,0.215,1.92,1.109,0.327,4.761,False,0.4283483538725245,0.47291336338235807,0.42304205190543775
414,20.005,1.008,114622.02,0.231,1.404,0.307,0.026,8.459,True,0.28805352133176115,0.1464719238442301,0.940871480014941
415,17.772,1.027,121945.447,0.155,1.275,1.076,0.141,3.331,True,0.1454753400333591,0.11818468471157734,0.6597823593393973
416,15.191,1.034,584530.956,0.241,1.959,1.082,0.095,2.701,True,0.18290131666672968,0.21837713927728347,0.7466125049810054
417,21.405,1.175,270205.858,0.074,1.144,0.278,0.157,8.42,True,0.3514507417168858,0.3308370052423567,0.49349288918607176
418,16.733,1.181,306032.694,0.212,1.835,0.858,0.114,5.684,True,0.24293757661702364,0.15590614211201356,0.6988635423730842
419,28.495,1.07,413499.826,0.128,0.971,0.384,0.007,2.599,True,0.30867976834330607,0.2704699833508088,0.5623786672732094
420,18.126,1.003,607198.386,0.137,1.724,0.654,0.059,8.784,True,0.3797184502664285,0.39769456761120375,0.33612747493622186
421,19.981,1.03,639370.232,0.196,1.31,0.777,0.063,3.079,True,0.20541234342299405,0.20177786749421128,0.8269488393991067
422,25.062,1.167,410719.61,0.217,1.837,1.125,0.169,1.737,True,0.26998876273095973,0.2458900636384851,0.6231225924566446
423,20.63,1.193,333021.948,0.115,1.263,0.501,0.325,6.031,False,0.49955736936908407,0.5425116049945511,0.48226553118785376
424,17.062,1.131,476117.854,0.152,1.841,0.586,0.169,9.613,True,0.17628859439718741,0.09923848742641386,0.6822290782506639
425,19.371,1.009,437339.471,0.101,1.203,0.75,0.1,2.962,True,0.21149188330428276,0.12632220480472575,0.6596467317141604
426,19.042,1.056,302908.684,0.181,2.083,1.071,0.234,6.246,True,0.23306761206568963,0.13848732537590347,0.4840611127082932
427,27.508,1.088,278893.87,0.182,2.321,0.386,0.044,8.686,True,0.318730307330423,0.263668474776798,0.5165889392506195
428,17.786,1.094,688243.398,0.127,1.471,0.77,0.009,5.365,True,0.3776986173023459,0.3007698195199689,0.6352475165358238
429,27.285,1.018,504674.171,0.09,1.321,0.801,0.094,7.733,True,0.4427618694218431,0.5242986179467652,0.393427189240978
430,24.129,1.046,553713.249,0.057,1.61,1.057,0.012,4.177,False,0.5779519699176207,0.4257764836614877,0.43549994700745825
431,20.084,1.021,149289.503,0.203,1.128,0.632,0.252,3.597,True,0.1385992399882481,0.17453879029209537,0.523578661963139
432,29.862,1.141,684002.421,0.075,2.119,0.677,0.038,4.86,False,0.3799172302430308,0.39185768603377474,0.4798265465882759
433,26.509,1.053,228766.177,0.194,1.386,0.501,0.064,2.579,True,0.19113035194359976,0.2951707580634593,0.5090185540479446
434,27.573,1.103,154731.817,0.173,1.17,0.503,0.267,1.133,True,0.12243331204009528,0.18906309935882726,0.6953578579398396
435,22.029,1.052,473576.68,0.051,1.685,0.935,0.056,1.7,True,0.25710368963521607,0.23368157623531244,0.3893093824322952
436,28.535,1.119,341167.987,0.219,1.122,0.687,0.235,3.141,True,0.2318652244496428,0.29493387169148755,0.6974438931770887
437,27.819,1.101,430884.067,0.208,2.244,1.148,0.297,7.649,False,0.35540839629074467,0.2652466440870393,0.37469172158707426
438,21.272,1.082,228087.577,0.073,1.212,1.093,0.247,1.939,True,0.18057164246017002,0.12167443702815178,0.7541381722633813
439,23.226,1.163,267465.874,0.248,2.235,0.502,0.158,7.086,True,0.28107116757926753,0.18195819619048811,0.7553032952564076
440,16.033,1.046,313106.271,0.076,1.925,0.426,0.13,5.615,True,0.24024980694441528,0.1572314701899452,0.5138173217968602
441,15.532,1.1,212904.054,0.139,1.038,0.895,0.058,7.6,True,0.24346320850103073,0.29028857106986605,0.6362878326026453
442,22.177,1.033,278227.963,0.147,1.741,0.916,0.319,7.972,True,0.3566184494343466,0.2808553584981744,0.5890339512923515
443,18.753,1.039,546316.612,0.112,2.241,0.37,0.192,5.657,True,0.25640086739024726,0.15775271765963705,0.6311686516643626
444,23.319,1.147,495446.18,0.066,1.779,0.246,0.08,5.571,True,0.48853477651628624,0.3983745474797237,0.40588589821376014
445,24.628,1.113,595885.921,0.183,2.139,0.782,0.065,8.174,True,0.30003904989268604,0.18972825905693372,0.5514051660422188
446,29.563,1.136,549548.583,0.068,1.842,1.014,0.02,5.93,False,0.5446422384602819,0.6165199646007182,0.4798265465882759
447,24.055,1.066,634284.392,0.177,1.965,0.834,0.25,3.63,True,0.25331411172982654,0.25626649832150145,0.49113796665858994
448,24.024,1.118,604138.518,0.082,2.093,0.819,0.187,9.006,True,0.3219099909484319,0.3334720530153557,0.640850433129627
449,15.092,1.112,517663.253,0.152,1.765,1.105,0.131,5.679,True,0.19068794903998032,0.1379780512546062,0.6617916574255536
450,15.694,1.163,373789.273,0.065,2.242,0.774,0.096,8.551,True,0.4039152917830557,0.508260715332994,0.5103820943220504
451,28.712,1.014,552197.314,0.078,2.013,0.623,0.084,1.1,True,0.2903566217774192,0.23222501576022048,0.7031849170512579
452,26.703,1.039,265324.061,0.073,2.308,0.725,0.094,8.982,True,0.44901586925151216,0.596591766367483,0.6446696791916979
453,21.86,1.146,132808.663,0.165,1.272,0.768,0.151,8.045,True,0.2159437202061374,0.1315142142985169,0.6164760872386801
454,16.266,1.07,675061.097,0.073,1.375,1.057,0.042,1.277,True,0.28297880703888706,0.31932063382962517,0.5662054569209927
455,29.206,1.076,383034.677,0.196,1.887,1.021,0.11,6.347,True,0.3368954679947706,0.39746758693187484,0.4708143296517926
456,15.923,1.048,143934.192,0.141,1.86,1.02,0.127,9.547,True,0.18799423855487585,0.18963025241463802,0.609748567913621
457,15.969,1.114,260079.09,0.236,1.241,0.994,0.091,4.75,True,0.1655141040451698,0.21669582633267498,0.8309269119761593
458,18.043,1.134,515865.67,0.201,1.288,1.162,0.079,6.323,True,0.25596504680074567,0.20231148912577226,0.7949748123584854
459,17.602,1.016,345776.608,0.158,1.786,0.377,0.049,3.164,True,0.1827235939499929,0.19762622884873257,0.6462703829251932
460,17.577,1.162,118368.647,0.133,0.963,1.013,0.186,8.38,True,0.19371701238378075,0.1440091490471792,0.5528630491000203
461,17.752,1.031,292542.202,0.24,1.991,0.893,0.079,9.603,True,0.2334756188561438,0.13153679568410656,0.8500762094545732
462,23.988,1.192,405173.268,0.066,1.512,0.291,0.145,4.482,False,0.33416372413237105,0.23716006905198575,0.5901091207653737
463,29.697,1.075,554779.187,0.123,1.258,0.303,0.069,4.812,True,0.31912290149738226,0.3197914994790603,0.5098596785188985
464,16.741,1.073,101993.408,0.151,2.141,0.585,0.031,3.69,True,0.2267695485940823,0.25553394768571924,0.7160634247841405
465,28.948,1.091,399077.079,0.167,2.294,0.53,0.086,9.808,True,0.3316773566512477,0.23858190447731237,0.5040866380483521
466,19.812,1.038,351030.375,0.056,1.906,1.135,0.19,7.844,True,0.36773462440714305,0.30928145830725173,0.6023587758036875
467,25.701,1.057,298926.93,0.081,1.076,0.356,0.131,1.82,True,0.2283198035244726,0.15061652602171555,0.5130404659010048
468,25.452,1.147,558675.511,0.189,1.421,0.292,0.155,4.588,True,0.2273488098827057,0.18701415046475608,0.5496283189991343
469,23.099,1.144,150152.7,0.118,1.131,0.637,0.287,1.634,True,0.12236426838709998,0.10525204290900304,0.6790938316542786
470,19.39,1.042,185449.849,0.224,1.388,1.147,0.037,3.628,True,0.20121678507525437,0.23622852056805174,0.80142990022821
471,15.136,1.036,165991.339,0.123,2.088,0.331,0.199,4.95,True,0.1400401756939926,0.09122193467722546,0.7927751665008828
472,17.875,1.139,146625.394,0.174,1.504,0.721,0.259,3.537,True,0.14773347422895597,0.1750792736729333,0.4979491862491105
473,28.483,1.019,685084.726,0.158,2.315,1.188,0.303,3.915,True,0.44387760260074516,0.4256549295891893,0.46362362500725524
474,21.462,1.18,544375.781,0.095,2.114,1.196,0.0,2.537,True,0.3124645167763873,0.285342454175533,0.6557408899442118
475,28.808,1.098,509345.027,0.242,1.356,0.62,0.045,6.696,True,0.3125400617854042,0.28477300980947967,0.7768753774444411
476,29.2,1.153,590708.098,0.18,1.121,1.074,0.107,4.671,True,0.3337818911006913,0.38597620263005367,0.6479021657254677
477,18.329,1.084,423997.033,0.186,1.909,0.464,0.293,8.646,True,0.24238530413120069,0.18705131431923977,0.6700153943852941
478,27.521,1.198,631775.87,0.084,2.392,0.899,0.207,5.058,True,0.36348676968756305,0.2574940606887416,0.6803763263487264
479,15.879,1.018,156940.849,0.064,2.061,0.75,0.022,2.751,True,0.26841036555805886,0.22898523832289508,0.5235136560901051
480,26.601,1.021,492080.426,0.184,2.094,0.944,0.132,8.545,True,0.29601005110888984,0.14740215633324028,0.4675141503290644
481,22.568,1.064,672104.043,0.109,1.876,0.351,0.122,1.987,True,0.1627648706995467,0.11240803660279856,0.7331584978402265
482,23.369,1.09,500708.966,0.113,2.296,0.982,0.199,6.857,True,0.3040675796565933,0.22692304335060118,0.5835970762347238
483,23.212,1.057,564547.202,0.06,2.257,0.992,0.327,4.429,True,0.4371818267339868,0.3312142949816211,0.48240477717109265
484,27.24,1.199,428960.168,0.218,1.493,0.346,0.264,6.377,False,0.32335838160898506,0.2246526136752544,0.29193232833575594
485,18.644,1.032,441449.795,0.219,1.14,0.258,0.046,8.508,True,0.24488186540873155,0.1484204322215838,0.8121239842674027
486,16.958,1.062,524224.086,0.226,1.07,0.25,0.033,6.504,True,0.26326993310554725,0.26165885001036676,0.8400134543509186
487,26.04,1.056,134378.462,0.192,1.213,0.945,0.172,5.792,True,0.2365592662070408,0.16014208199327823,0.5303859814228892
488,25.676,1.181,522987.573,0.131,2.352,1.062,0.228,3.874,True,0.3189960023221327,0.23690217689637083,0.5694987206736782
489,16.317,1.049,683759.474,0.078,1.013,0.741,0.314,8.475,True,0.340493825285319,0.3746016643964595,0.6220359151373831
490,27.979,1.179,234676.248,0.164,1.146,0.497,0.117,5.45,True,0.23658399791419477,0.25427206769249194,0.4592106204399794
491,27.903,1.14,578757.04,0.089,2.028,0.287,0.168,8.519,True,0.36192807457962045,0.3655588466097077,0.5960449990105183
492,20.384,1.199,314310.388,0.1,1.548,0.728,0.109,7.966,True,0.38528019477208536,0.30080439924255503,0.46997001041900904
493,21.324,1.082,613080.161,0.122,1.855,0.634,0.247,6.086,True,0.1950165308888577,0.13748508310922675,0.6798715546317715
494,20.935,1.111,397062.076,0.171,2.078,0.256,0.054,6.825,True,0.2386184652823066,0.12956944898762143,0.5363304942596439
495,17.555,1.042,136439.474,0.15,1.743,0.582,0.104,2.375,True,0.1296363637537926,0.10178720702391648,0.7073489290682468
496,24.03,1.076,623465.187,0.181,1.847,0.93,0.074,4.906,True,0.3535995901296471,0.22241539940983832,0.6205825100928384
497,20.342,1.182,506561.951,0.156,1.376,0.924,0.253,7.188,True,0.3224397681528877,0.2061949901303918,0.5031672542627988
498,19.791,1.052,661240.112,0.21,2.312,0.827,0.194,7.385,True,0.28113572863843933,0.15417140780255786,0.706193935995892
499,25.538,1.16,657349.589,0.237,1.219,0.648,0.177,7.139,True,0.320052620591909,0.19906233737970214,0.5267815130137008
500,21.513,1.016,418643.617,0.239,2.275,1.115,0.011,5.776,True,0.37411866806188804,0.2760267503041423,0.5868633803922076
501,16.857,1.058,517483.242,0.246,1.036,0.404,0.178,1.981,True,0.13192792643217932,0.14074037746014997,0.8715686665687231
502,21.024,1.099,463120.271,0.204,1.95,0.428,0.077,9.159,True,0.2015678582085476,0.11811801191788117,0.6491499113951448
503,18.649,1.026,138924.546,0.183,1.094,0.978,0.224,5.133,True,0.19313246383489566,0.13464765912142937,0.601865787392801
504,17.58,1.056,596496.616,0.211,2.391,1.075,0.143,9.4,True,0.18859643236480553,0.135260888621071,0.9026297647190248
505,29.028,1.108,416433.906,0.149,1.341,0.319,0.052,3.943,True,0.2954438167285966,0.3170800810869942,0.5417892463312843
506,21.314,1.008,321809.923,0.184,1.769,0.543,0.059,9.325,True,0.30189948979471076,0.14475960536923463,0.6946958525241537
507,23.605,1.053,182590.621,0.11,1.56,0.82,0.236,4.51,True,0.2558599491535003,0.18675872937202317,0.6660556143461172
508,29.127,1.171,347983.787,0.104,1.96,0.526,0.179,6.517,True,0.4054418186075734,0.3047347735356261,0.48161505634271645
509,20.991,1.185,479243.914,0.107,1.514,0.953,0.153,7.729,True,0.36442978802011083,0.2800738648765328,0.5173728207948578
510,26.422,1.1,683153.73,0.053,1.281,0.302,0.039,6.079,False,0.6264291367154362,0.644568463678526,0.5527922727602013
511,22.132,1.094,388999.114,0.128,1.296,0.282,0.304,8.954,True,0.21899605318521162,0.22929937264859437,0.6164822697532703
512,25.362,1.129,349948.808,0.053,1.242,0.694,0.164,3.37,True,0.3788411457769815,0.3033015382194526,0.41437779067517594
513,26.538,1.091,189691.453,0.14,1.545,0.448,0.12,4.771,True,0.220518952762827,0.16525528050102242,0.6466493960759022
514,28.725,1.084,507218.765,0.189,1.802,0.661,0.01,5.741,True,0.37358580055772006,0.34982315986812285,0.6945215473668023
515,20.531,1.148,465700.698,0.173,1.072,0.389,0.294,7.896,True,0.29215735312773694,0.24440622362283546,0.5164607273744714
516,16.991,1.088,455603.58,0.236,1.49,0.264,0.212,9.759,True,0.1767113118363404,0.13621998981760677,0.8062134429907235
517,27.158,1.053,363406.7,0.233,1.557,0.873,0.064,9.63,True,0.35448010730170587,0.2850392481322057,0.7650316464064633
518,28.769,1.063,216427.219,0.204,2.063,0.845,0.061,3.404,True,0.24062241811970814,0.25449116106433955,0.5145408666174626
519,28.565,1.036,483621.63,0.152,1.549,0.35,0.126,2.606,True,0.16124093216794494,0.17895480017965465,0.4263696589977732
520,28.677,1.132,409189.24,0.103,0.98,0.504,0.253,8.988,True,0.30195697476427513,0.3696289931045279,0.6791726510670327
521,17.299,1.061,256674.974,0.207,1.123,0.524,0.09,8.239,True,0.17917093735298206,0.11022044210069797,0.7967554960663322
522,19.543,1.131,426581.295,0.106,2.034,0.683,0.194,4.932,True,0.2573778347929322,0.14387263443682255,0.7271044222111787
523,16.938,1.133,128726.63,0.227,1.505,1.089,0.167,1.864,True,0.13435215278330148,0.1417467330022012,0.8487823258005626
524,20.818,1.026,151349.645,0.07,1.732,1.151,0.22,2.499,True,0.15451525765381577,0.11801073023216432,0.6580789323676836
525,18.027,1.142,559689.843,0.069,1.053,0.363,0.183,1.057,True,0.18831467498999707,0.12070464572597621,0.7163758508310585
526,22.683,1.059,186865.911,0.24,2.128,1.135,0.196,4.054,True,0.20051199155434046,0.18228167684755456,0.6041855909484057
527,24.288,1.091,507959.367,0.227,1.575,0.78,0.063,7.028,True,0.33620845390473136,0.19825142032221885,0.6608255045258864
528,25.125,1.087,391087.786,0.068,1.821,0.846,0.062,1.194,True,0.3655136617322801,0.3690581054248253,0.4992627730474226
529,17.331,1.169,176166.897,0.202,2.132,0.297,0.286,9.983,True,0.21890545027742175,0.17467716141947312,0.6870025948224435
530,28.545,1.044,324961.301,0.134,1.157,0.443,0.021,2.908,True,0.2827671363379606,0.2777217507431138,0.548436709452171
531,26.484,1.118,294130.643,0.156,2.032,1.079,0.085,7.535,True,0.34007918737487053,0.38756705145159687,0.41127721412282275
532,16.104,1.156,514984.831,0.182,2.348,0.467,0.145,1.916,True,0.23554517381412673,0.22679869280857784,0.7099050575170405
533,20.884,1.05,247090.028,0.102,1.314,0.997,0.272,4.069,True,0.26317913868482845,0.19870052437466992,0.644370200412763
534,28.013,1.035,528130.833,0.176,2.107,0.804,0.241,9.671,True,0.2724025069539316,0.2005155046927699,0.6144824539408746
535,18.873,1.145,358020.221,0.224,1.957,1.008,0.054,3.575,True,0.23815437730718722,0.28057042358981155,0.8203210882992527
536,27.366,1.142,620528.266,0.186,1.579,0.663,0.231,7.786,True,0.26024254014206816,0.17193659141562206,0.5968603717916513
537,18.772,1.013,535730.523,0.105,1.115,0.632,0.238,2.668,True,0.1805991163898008,0.15390037556811775,0.7896382071691658
538,23.133,1.168,502146.991,0.132,1.224,0.671,0.207,9.213,True,0.26433865415104124,0.2151967607376368,0.5242770543145909
539,29.911,1.157,246550.085,0.241,1.695,0.478,0.096,1.299,True,0.21869357039427043,0.30511954409193465,0.8909889941070791
540,26.786,1.085,108265.097,0.068,2.149,0.285,0.107,6.645,True,0.43638862790911204,0.5225858923496985,0.5579957519457617
541,29.976,1.03,140221.923,0.213,1.87,0.533,0.072,7.572,True,0.260588601368507,0.2468932377985124,0.6455479460106488
542,21.338,1.089,584973.57,0.243,1.102,0.729,0.048,9.101,True,0.281259277487972,0.15409749897494388,0.8054419597977239
543,15.542,1.05,148860.392,0.162,2.363,1.073,0.146,4.734,True,0.18610847069430217,0.1506917603206828,0.7549830927785247
544,25.841,1.177,435683.834,0.166,1.542,1.155,0.112,6.481,True,0.3411083641806918,0.2476054858070445,0.6413427244778637
545,22.229,1.052,475115.032,0.187,1.28,0.362,0.087,4.353,True,0.19928226543865002,0.11884033362954312,0.6691213449481767
546,16.834,1.132,590827.4,0.192,1.918,0.893,0.166,3.607,True,0.15837520718585643,0.16497020001006085,0.47927778332230403
547,15.84,1.152,450624.332,0.059,1.394,0.519,0.159,4.991,True,0.3050069585238,0.20602039461474267,0.5671884210915196
548,23.171,1.16,336362.47,0.171,2.377,0.515,0.255,1.37,True,0.22945802620611058,0.19846579983903392,0.36483237802493823
549,27.351,1.065,520676.179,0.13,1.088,0.306,0.007,1.877,True,0.2821221573091648,0.3091036847101168,0.5907773430869936
550,15.384,1.078,309909.664,0.185,0.968,0.496,0.113,1.702,True,0.1215514401637375,0.17748154682625317,0.9795594385741545
551,23.555,1.199,111501.137,0.142,1.998,0.751,0.072,9.084,True,0.37019124539566023,0.25769857637596943,0.4921662621328901
552,20.506,1.066,446352.877,0.151,1.955,1.101,0.207,4.998,True,0.22027143424484497,0.14396458659730524,0.5485248008321478
553,15.275,1.129,365359.276,0.224,1.449,0.672,0.188,9.119,True,0.18235639008309465,0.09896697379457069,0.6961952902881731
554,18.505,1.062,619687.484,0.163,2.217,0.983,0.032,3.44,True,0.2245342774561209,0.232448284165515,0.7363525944537176
555,26.22,1.145,124244.786,0.201,1.716,1.098,0.284,9.649,True,0.30057013941928945,0.2309564146899033,0.5832162298288893
556,23.962,1.15,469377.327,0.059,1.176,0.41,0.32,8.607,True,0.5593864813607663,0.5147774551383015,0.47270478354586526
557,22.742,1.155,561765.841,0.083,2.081,0.327,0.243,8.001,True,0.3544671859170313,0.32937113507930177,0.6775718842166923
558,25.145,1.104,582436.818,0.076,1.336,1.036,0.194,9.259,True,0.38161578675624663,0.34539800093332146,0.609259388893395
559,21.649,1.017,644339.098,0.187,1.564,0.934,0.079,3.707,True,0.26023633715980893,0.18577759689397785,0.643123428084198
560,18.202,1.081,173299.889,0.183,1.181,1.184,0.162,7.163,True,0.16627216506509096,0.08248784004449959,0.7523863903557526
561,28.929,1.081,457485.431,0.207,0.976,0.784,0.114,5.062,True,0.2463438909737973,0.3321877248625461,0.7332899474312061
562,21.381,1.08,165393.434,0.099,1.171,0.626,0.218,9.776,True,0.28558530890552797,0.2839553769079743,0.6295990741707599
563,19.603,1.182,112588.187,0.149,1.532,0.972,0.182,4.319,True,0.2979454474176967,0.1630767397489333,0.6636712616285014
564,29.637,1.031,121251.079,0.153,1.467,0.925,0.051,5.1,False,0.367666291016436,0.3687141390568858,0.6519641987123462
565,22.372,1.074,310102.381,0.068,2.283,0.813,0.013,2.364,True,0.30467381646857966,0.1702110660632729,0.7024276999365489
566,26.329,1.179,200788.219,0.221,1.502,0.607,0.165,1.083,True,0.24030117975655807,0.2447155858376964,0.7983314350617062
567,19.838,1.077,606313.775,0.178,1.524,1.078,0.038,7.373,True,0.3358777927387084,0.20037051452704516,0.6287315428396093
568,15.41,1.107,395030.446,0.062,2.133,1.002,0.21,7.166,True,0.27715422727511807,0.339791386410595,0.559270427069815
569,26.755,1.093,117081.09,0.125,1.885,0.257,0.017,1.673,True,0.211537926252743,0.22047978656472453,0.8638782804910322
570,27.937,1.106,601548.304,0.137,1.766,0.414,0.306,5.212,True,0.3269560607919548,0.30527424869957087,0.6487632630738952
571,29.956,1.195,359573.689,0.171,1.752,1.043,0.33,2.683,True,0.4796518854704312,0.49611378791451827,0.6944020824267435
572,16.188,1.09,543475.033,0.151,1.454,0.629,0.324,5.046,True,0.2879033560510156,0.31732275128056997,0.5351753135095827
573,17.913,1.161,284694.725,0.144,1.077,0.393,0.215,4.438,True,0.25022101096177785,0.1735306008168483,0.50587037928322
574,17.254,1.194,334303.553,0.054,1.305,0.251,0.266,1.5,True,0.25282431537241745,0.18964496864603392,0.6957081500638422
575,19.692,1.141,211067.039,0.075,1.474,0.705,0.154,7.341,True,0.24957496526390657,0.25665283703216957,0.34561497777746614
576,24.387,1.197,502887.752,0.168,1.998,1.133,0.116,1.441,True,0.2181472319071709,0.2123824511345532,0.742062134894077
577,26.929,1.136,105397.869,0.107,1.976,0.489,0.135,2.876,True,0.22444349859339702,0.13265723008828492,0.7671741419147747
578,28.273,1.1,576012.053,0.207,1.19,0.681,0.198,7.657,True,0.2725573017943096,0.19049330860928965,0.6568343256178553
579,26.563,1.068,348421.182,0.083,0.989,1.112,0.205,2.558,True,0.16281788844006517,0.12515327561858688,0.7166096165241332
580,25.289,1.129,106637.565,0.214,2.195,0.557,0.188,8.901,True,0.19837026449605863,0.0986476166841438,0.7215321508320279
581,29.141,1.028,424455.112,0.115,1.836,0.47,0.093,4.615,True,0.3134256111113732,0.2935995604604768,0.5909648372132184
582,24.915,1.112,349400.829,0.223,2.267,0.841,0.113,2.851,True,0.2133681860698928,0.23549640172281977,0.6951792424369715
583,19.407,1.095,361145.892,0.165,1.47,0.571,0.155,9.64,True,0.1842510873184049,0.09685992870907507,0.6589230651664244
584,15.154,1.095,597451.432,0.249,1.476,1.083,0.228,6.718,True,0.2220810771293535,0.1856480959408117,0.6703980816671615
585,24.661,1.142,547889.141,0.056,1.533,0.897,0.068,3.348,False,0.33714293187635536,0.24249185397882717,0.502789736790003
586,29.269,1.016,257321.468,0.238,1.989,0.242,0.331,6.116,False,0.3957194130740883,0.33727275882045615,0.8733608153729159
587,19.067,1.055,180772.609,0.149,1.602,1.175,0.174,7.119,True,0.18284159251900634,0.12275486279845195,0.67673133265702
588,15.336,1.082,382558.743,0.22,2.231,0.692,0.242,6.861,True,0.21550640578781044,0.16332082562316338,0.6325488505258301
589,18.473,1.015,572501.461,0.247,1.141,0.388,0.295,1.903,True,0.23724765833958503,0.23185090086997331,0.7013622206777717
590,24.105,1.17,636370.476,0.121,2.067,1.07,0.238,3.478,True,0.3656465811820281,0.25966764816218824,0.5533067999978427
591,26.188,1.139,234214.603,0.215,1.763,0.956,0.211,5.523,True,0.3126625895660051,0.19920031297692808,0.6374705857872184
592,17.28,1.13,137656.935,0.097,2.187,0.713,0.299,5.317,True,0.2399108649412874,0.2281219974539903,0.6634637852205985
593,25.329,1.146,326295.379,0.189,1.578,0.241,0.276,4.085,True,0.292237995188859,0.2679599949890616,0.4675481944880939
594,18.784,1.088,416878.36,0.073,1.411,1.033,0.134,6.821,True,0.3097175845348842,0.28222430230296475,0.575722542324088
595,27.686,1.133,487779.817,0.086,1.327,0.481,0.032,2.281,True,0.2945088127344025,0.2790549713481479,0.426175518845468
596,15.794,1.193,540018.479,0.075,2.03,1.088,0.267,7.93,True,0.3183027287211683,0.360265441149585,0.7788937253530169
597,25.165,1.111,370111.895,0.146,2.024,1.139,0.081,8.368,True,0.3494575014769767,0.29405121326025563,0.5443212869381808
598,18.75,1.131,272437.282,0.241,1.546,0.276,0.002,6.258,True,0.23908371905688433,0.19568807319800138,0.8809731019765529
599,21.052,1.154,652539.63,0.131,1.879,0.407,0.263,9.924,True,0.3117190242950365,0.30648236569157966,0.6929927840185616
600,25.383,1.127,132004.483,0.112,1.066,1.066,0.323,2.115,True,0.2978027503229611,0.3287047097459232,0.766848202918551
601,22.166,1.032,143371.21,0.229,2.265,0.731,0.065,1.49,True,0.20432625246868577,0.22140844244729588,0.776999012707185
602,29.449,1.173,343579.672,0.19,1.747,0.375,0.269,7.36,True,0.40568827167810007,0.37127754981785716,0.35042640253462537
603,17.29,1.137,467211.088,0.238,1.002,1.179,0.281,4.979,True,0.2599949295824599,0.2796383540321237,0.524656889431607
604,29.892,1.169,190568.657,0.179,1.81,0.554,0.043,8.251,True,0.2704305753455881,0.26484879666385314,0.5372351343378502
605,27.859,1.074,311368.693,0.208,1.897,0.706,0.329,9.07,True,0.46742005222698624,0.45395030453057233,0.6023706064822355
606,20.672,1.088,484857.829,0.089,1.207,0.961,0.018,5.234,True,0.5055062360622009,0.4436723998902709,0.48866460730700423
607,27.541,1.067,633444.196,0.098,2.164,1.108,0.275,2.334,False,0.23174082364315518,0.20482387742383207,0.4415891969566821
608,24.861,1.019,289184.116,0.117,2.074,0.534,0.044,1.02,True,0.2314141364665232,0.19778052395963694,0.759252819656128
609,24.636,1.036,629204.898,0.178,1.451,0.483,0.294,8.069,True,0.31758907581910084,0.26514922789098794,0.46289072571689677
610,23.396,1.162,339913.733,0.216,2.33,0.993,0.097,3.257,True,0.26866896734247775,0.2970190782298351,0.7631779284349645
611,23.658,1.059,393430.243,0.124,1.147,1.132,0.149,1.782,True,0.2001051248943561,0.16316759430989003,0.7323799751463854
612,24.15,1.027,227393.167,0.074,1.555,1.096,0.021,1.349,True,0.3639343878718502,0.28583102842177216,0.4640224331415438
613,27.037,1.079,166504.024,0.176,1.968,0.549,0.05,3.302,True,0.22601034323926195,0.26843082714064787,0.6493983914767825
614,29.999,1.013,530107.626,0.175,2.077,0.255,0.035,6.735,True,0.38613287164317195,0.3665612913139121,0.8457051933660427
615,18.729,1.03,648221.698,0.071,1.166,1.19,0.157,3.839,True,0.31148809032897484,0.18932854028683968,0.5593519939883328
616,21.442,1.041,681446.251,0.147,1.603,0.758,0.048,2.89,True,0.20167546677900933,0.1810370098698224,0.6403706766789113
617,29.848,1.193,664657.621,0.18,1.061,0.558,0.214,1.425,True,0.22660560473457572,0.2699846064016784,0.7669960111486288
618,26.985,1.037,495148.583,0.244,1.459,0.976,0.322,8.762,True,0.43001548686569885,0.3885129673518689,0.5583928666562913
619,24.546,1.191,477004.609,0.09,1.016,0.426,0.3,9.734,True,0.4130904865395649,0.43384918054997146,0.4971901218456728
620,16.592,1.041,148435.353,0.11,1.783,0.734,0.142,3.121,True,0.11529564979469038,0.09266089007801247,0.548269751930176
621,15.931,1.084,251498.702,0.1,1.627,0.318,0.2,4.969,True,0.15295657140594338,0.09861570865886124,0.8122621439997848
622,15.498,1.033,144565.742,0.088,1.277,0.592,0.246,5.765,True,0.18121945198379014,0.1842059487769868,0.8322451557802804
623,27.172,1.103,513536.234,0.246,1.983,1.177,0.286,6.748,True,0.3611672751067814,0.29184557134449784,0.3194758055009524
624,25.905,1.118,698654.078,0.132,1.04,1.051,0.221,6.935,True,0.27359235562725676,0.24718074774595553,0.591480711480733
625,26.529,1.16,627323.419,0.173,1.921,0.941,0.195,9.946,True,0.31887891715122374,0.21180693058748337,0.6385794851733957
626,26.291,1.063,640362.016,0.072,1.621,0.855,0.227,3.027,True,0.337746695145694,0.23422688253373408,0.5131208452825715
627,20.454,1.118,523808.089,0.062,1.589,0.329,0.313,2.177,True,0.1880716178344571,0.1815050933382202,0.4242613799420752
628,29.937,1.133,503259.846,0.24,1.35,0.894,0.201,6.22,True,0.28497165798304813,0.21392052153167315,0.548779160012013
629,21.418,1.01,239844.072,0.145,2.212,1.084,0.022,5.153,True,0.35235052451915877,0.2841517104180407,0.45074120993753375
630,25.506,1.012,400378.601,0.126,0.989,0.487,0.25,9.218,True,0.28590620429654356,0.23466314001228739,0.8230919158181919
631,22.008,1.021,139084.033,0.215,2.255,0.317,0.024,6.054,True,0.2976921169973106,0.1870776056753916,0.6891460754690117
632,21.345,1.186,538562.003,0.132,2.142,0.821,0.271,5.867,True,0.3689584868502884,0.26337258322012624,0.5225643649741707
633,15.369,1.136,279922.096,0.084,1.112,0.455,0.229,3.868,True,0.1833512838111936,0.16328339837256353,0.6249833323314191
634,17.039,1.078,303524.327,0.235,1.103,0.919,0.133,3.653,True,0.17269999190522475,0.18975077464762838,0.6841978641921989
635,26.102,1.097,571688.226,0.184,1.718,0.46,0.061,2.994,True,0.20984011298485852,0.2890227521572174,0.6794249806783682
636,18.943,1.192,379565.874,0.082,1.987,0.86,0.118,3.455,True,0.2786304856485138,0.19905039712369002,0.6539298208707651
637,22.601,1.198,292798.647,0.105,1.017,0.928,0.083,4.196,True,0.3033102533092851,0.23312106701042926,0.5794738878573239
638,29.51,1.116,422375.02,0.077,1.97,0.883,0.33,8.847,True,0.4402454547761253,0.42833468462812824,0.6602945380875976
639,20.617,1.063,107606.506,0.058,2.099,0.988,0.158,1.267,True,0.20266645824572432,0.12842800950114638,0.6365065118160121
640,17.011,1.175,323562.919,0.054,1.801,0.817,0.121,7.277,True,0.44910245738393073,0.5006683958796285,0.5209984984907451
641,18.367,1.146,649854.233,0.164,1.537,0.726,0.262,9.339,True,0.2660012430013913,0.18667022146638623,0.6303819165765904
642,18.309,1.044,237941.297,0.085,2.079,1.099,0.02,3.85,True,0.41244941621570674,0.4375581801625027,0.48308966477197646
643,24.79,1.189,550857.627,0.222,1.129,0.495,0.004,1.725,True,0.24770774658891295,0.27635818132576484,0.9304469127310264
644,26.693,1.024,660417.646,0.178,1.448,0.347,0.278,2.511,True,0.2560223829776698,0.31928735955490134,0.6088825984830302
645,27.186,1.001,692996.53,0.13,1.107,1.133,0.066,7.814,True,0.4541834710291024,0.48408267449639375,0.38537487232896256
646,25.084,1.09,333549.555,0.097,1.573,0.856,0.216,7.976,True,0.37220428576077047,0.3400994049543617,0.4807260347512449
647,29.234,1.151,409918.578,0.16,2.249,0.441,0.265,4.048,True,0.3076461360102995,0.32884041552118964,0.533467588776197
648,20.249,1.191,642677.588,0.192,2.224,0.94,0.311,2.072,False,0.35718005836075445,0.3847897875586892,0.33235950350416477
649,18.112,1.005,332479.332,0.227,1.401,0.472,0.059,2.313,True,0.14636799084365784,0.19165487636624742,0.8400511903477236
650,27.116,1.165,646310.215,0.22,1.393,0.463,0.045,9.456,True,0.390830720772854,0.2626467854292921,0.5794390195026542
651,23.913,1.12,281977.666,0.139,2.065,0.805,0.209,3.016,True,0.1700339602356476,0.11475837943004172,0.6772503889282515
652,26.443,1.04,220336.146,0.093,2.362,0.717,0.318,1.451,True,0.22637978639391063,0.19900266275118714,0.7042700653668527
653,17.906,1.023,290033.047,0.115,1.567,0.424,0.153,6.549,True,0.20902554410062898,0.15205113436773754,0.6825763982159765
654,21.247,1.14,697981.768,0.228,1.137,0.788,0.296,3.811,True,0.286989288152582,0.28226161288222157,0.3363517755589622
655,21.188,1.049,268949.096,0.219,2.06,0.703,0.234,9.114,True,0.22175947657917341,0.1047434441776662,0.6658950387998073
656,22.607,1.092,501320.705,0.094,1.359,0.345,0.112,9.559,True,0.36739495432160557,0.39971228292771377,0.43937259958113206
657,22.319,1.13,408636.791,0.093,2.225,0.85,0.123,5.179,True,0.2878590875078701,0.16883006639001896,0.5955366700772081
658,23.421,1.154,489299.887,0.23,2.302,0.292,0.151,2.571,True,0.27582668979439096,0.28174668716433543,0.4978631107948475
659,17.408,1.041,620953.542,0.19,1.945,0.252,0.306,9.797,True,0.27321857978681746,0.19282603296410378,0.9459740155591627
660,24.454,1.157,434921.754,0.163,1.236,0.499,0.252,7.368,True,0.26691517831443806,0.17640330685854894,0.474566277909534
661,23.903,1.123,325257.078,0.055,1.286,0.879,0.325,7.29,False,0.413707457180838,0.4040098194946687,0.5357938220405888
662,29.442,1.134,305261.889,0.067,1.928,1.136,0.26,8.324,True,0.4221178869429775,0.3972558895902245,0.6831988587568559
663,29.75,1.12,380509.176,0.198,1.149,0.596,0.236,5.534,True,0.2934809452790275,0.2580177834397843,0.5845045062107704
664,22.049,1.004,515663.137,0.112,1.776,0.932,0.12,4.376,True,0.2997158969935861,0.1614002949018848,0.5282067708303282
665,15.717,1.127,526486.509,0.214,2.24,1.12,0.103,3.49,True,0.15809306588810354,0.22052344489128706,0.6705793851949013
666,18.242,1.125,624574.036,0.23,1.439,0.933,0.211,2.637,True,0.17286518389243544,0.17347799474168693,0.5412531879628096
667,25.439,1.187,599862.051,0.142,2.383,0.947,0.143,7.013,True,0.34462036437684085,0.26022599557515735,0.7359601434181978
668,22.983,1.008,193568.516,0.223,1.635,0.666,0.103,2.004,True,0.21599167991720253,0.21558973782916166,0.6957075267052764
669,29.484,1.069,457739.451,0.181,1.901,0.533,0.304,5.141,True,0.3055255502589134,0.30749182926294805,0.6144837323848948
670,22.34,1.083,174253.046,0.075,1.326,0.299,0.22,4.657,True,0.2461902232801688,0.15908277030325738,0.7262480318566736
671,22.267,1.138,460498.465,0.1,2.161,1.191,0.258,3.589,True,0.27483206387132203,0.18352516619746567,0.6022867284795439
672,23.179,1.044,511051.073,0.069,2.038,0.365,0.034,5.289,True,0.5026618277716008,0.30845562449669733,0.392654048574982
673,28.291,1.175,421321.584,0.072,1.178,1.106,0.133,4.128,True,0.4615514171780145,0.34363723619679726,0.44551181826060954
674,22.839,1.01,464125.195,0.155,1.995,0.752,0.309,4.412,True,0.3099659877452185,0.23703725079047192,0.5304856059214712
675,27.479,1.079,443488.118,0.174,2.223,0.549,0.23,6.59,True,0.2686213611977196,0.17266751429798996,0.5892558545013182
676,24.811,1.145,414133.266,0.194,1.675,0.602,0.07,1.798,True,0.1946648031040193,0.2512907834394289,0.7688246798072392
677,21.085,1.197,319008.004,0.072,1.411,1.05,0.282,5.395,True,0.36865987239386216,0.22707460725268253,0.5291758233916735
678,18.299,1.097,152156.001,0.159,2.176,0.423,0.092,3.182,True,0.1730137836029445,0.1423038232464027,0.7240649047601494
679,15.612,1.133,618168.89,0.117,1.027,0.843,0.001,3.395,True,0.2731894434143004,0.3088183494198773,0.5281683350984753
680,15.449,1.037,605227.813,0.232,1.237,0.853,0.159,2.297,True,0.15955681901404306,0.18117269609191802,0.699530483625235
681,21.755,1.113,116231.361,0.104,1.568,1.068,0.005,6.27,False,0.528553768640767,0.4652888292632643,0.5393333752939672
682,27.777,1.0,263166.336,0.104,1.826,0.328,0.306,1.007,True,0.2681598019890093,0.21502613123358438,0.7706551235931883
683,16.468,1.07,140892.688,0.185,1.615,0.714,0.213,7.005,True,0.15570701640846435,0.14125188812633271,0.5476856772841725
684,21.931,1.171,627634.777,0.113,1.023,0.673,0.247,8.201,True,0.32853319291825633,0.32786267731187957,0.6186094570208834
685,22.553,1.075,240630.793,0.232,1.098,0.978,0.326,9.883,True,0.39243111525920615,0.35723963673563425,0.5037222956351252
686,23.053,1.072,594787.162,0.064,1.712,1.044,0.241,7.669,True,0.36013783377909947,0.2879291376558883,0.571015118007418
687,25.038,1.139,568231.932,0.181,2.192,0.811,0.299,1.071,True,0.3031324794383857,0.35393465099859867,0.4694806363580984
688,19.093,1.099,101580.825,0.146,1.693,0.476,0.29,2.459,True,0.14379827187897973,0.1475048528722816,0.6853783500376498
689,20.279,1.184,408374.356,0.104,1.253,0.368,0.122,6.885,True,0.37697699294688425,0.26734322977412334,0.44701216449655223
690,26.203,1.029,471378.911,0.131,1.366,0.254,0.048,9.345,True,0.32972628758386385,0.4244441101094005,0.6822916983965445
691,26.073,1.153,555003.61,0.119,2.151,1.17,0.168,5.515,True,0.3346991048332387,0.2164426700771429,0.5694782852063506
692,20.23,1.079,633330.72,0.226,1.773,0.761,0.23,7.307,True,0.25169196082714307,0.12778675936545994,0.6066018853320044
693,22.952,1.094,147137.087,0.173,1.79,0.333,0.119,7.499,True,0.17008217533238884,0.10812698264304393,0.6698840636928899
694,26.667,1.069,537139.245,0.201,1.477,0.906,0.211,7.222,True,0.31466775083765164,0.19474476699611037,0.564529596059494
695,17.979,1.122,612140.495,0.114,1.485,0.442,0.171,5.547,True,0.20663807859245914,0.11745642265142042,0.6811337516069826
696,21.146,1.115,383418.114,0.103,1.167,1.156,0.26,5.31,True,0.3589435732571077,0.22025484036318616,0.5285091175192709
697,25.341,1.067,406449.292,0.124,2.145,1.181,0.158,5.487,True,0.2952240412169626,0.1978822155207283,0.47015239455331403
698,15.824,1.001,678254.446,0.162,1.5,0.551,0.303,9.514,True,0.2655683595696106,0.2432234506509022,0.8285138183390487
699,27.078,1.197,645931.025,0.071,2.033,0.83,0.115,3.7,True,0.4088100189750166,0.3948814283314121,0.4652687791840024
700,29.096,1.096,564113.371,0.142,1.804,1.158,0.238,5.966,True,0.29844452650821107,0.26090752674728573,0.46359528609552025
701,24.573,1.096,224016.317,0.095,1.865,0.413,0.237,2.949,True,0.20706818171547298,0.15718230817847775,0.7253408460862008
702,29.062,1.121,378932.82,0.085,2.086,0.398,0.273,4.447,True,0.3000492420655738,0.3170702585878131,0.7557162114164896
703,15.628,1.074,477756.334,0.174,2.382,0.569,0.328,7.527,True,0.32401214424956293,0.33955551027878195,0.8337924672515703
704,18.431,1.053,153136.58,0.05,1.511,0.959,0.039,3.781,False,0.38663380874682923,0.32591872167653224,0.5634001212519754
705,24.197,1.152,372207.852,0.102,1.398,0.378,0.05,8.795,False,0.4714920446979188,0.4974297356735413,0.4097628491497587
706,17.643,1.141,653280.888,0.133,1.628,0.802,0.3,8.06,True,0.2862978253011599,0.3357983149955642,0.6060560450852444
707,23.697,1.128,637542.059,0.051,1.049,0.508,0.289,2.806,True,0.31898916857250165,0.29167411126167164,0.6485044540831724
708,19.24,1.123,439450.685,0.209,2.167,0.29,0.269,2.736,True,0.29774597021494087,0.37184013631313145,0.42978210579209014
709,16.828,1.147,465002.731,0.056,1.117,1.13,0.274,1.075,True,0.2671621905366622,0.1791133710782359,0.9077657273748913
710,25.407,1.052,207643.98,0.2,1.74,0.968,0.089,3.322,True,0.2745990180934976,0.24972795300045217,0.5067957150471077
711,17.383,1.108,414822.863,0.061,1.464,0.358,0.163,3.757,True,0.23280775082343733,0.13642058784678646,0.6219980210297955
712,16.257,1.092,184017.559,0.212,1.771,1.197,0.119,7.231,True,0.18960085978106606,0.10787187158440387,0.785239716537621
713,16.399,1.013,653915.134,0.227,1.056,0.765,0.271,6.495,True,0.24085739380827592,0.229479438043163,0.6077727883664193
714,26.572,1.025,691701.541,0.216,1.677,0.915,0.166,9.174,True,0.3265067875463669,0.1776034318310845,0.6746141238665224
715,25.579,1.138,266578.113,0.052,1.778,0.682,0.149,2.969,True,0.2739269503711242,0.2217209929277856,0.6041583681228117
716,24.328,1.001,168617.576,0.089,2.154,0.253,0.005,7.585,False,0.49134307290937046,0.5766284717712025,0.581099645054835
717,16.439,1.006,261702.449,0.191,1.082,0.872,0.316,1.096,True,0.1887752218446114,0.22581014713998593,0.6985978827688967
718,16.011,1.052,467108.389,0.129,1.334,1.183,0.146,2.934,True,0.14174571039454228,0.11553981820690538,0.6852685331202455
719,29.042,1.006,359002.485,0.184,1.188,0.397,0.159,1.534,False,0.13716489428964923,0.1758960686363325,0.8739810268169388
720,16.666,1.178,675622.039,0.119,2.325,0.542,0.017,8.711,False,0.2659859277485742,0.2640715791574421,0.6213480451374145
721,20.915,1.165,322409.521,0.202,1.571,0.597,0.235,6.146,True,0.2562642355843852,0.11771830127058205,0.4179517326932842
722,24.405,1.106,188951.937,0.171,2.193,0.833,0.308,4.499,True,0.2597017257311127,0.248672940944104,0.488505286963987
723,27.248,1.114,127440.007,0.247,2.071,1.174,0.067,4.359,True,0.31598108189263274,0.3677761160292586,0.6842946227517155
724,24.337,1.089,449799.119,0.243,0.983,0.88,0.179,3.562,True,0.21990698132293646,0.2538562065919578,0.5578398192512195
725,18.448,1.137,232818.148,0.141,1.347,0.917,0.287,3.921,True,0.19001428272740392,0.18152750917677227,0.5758399534696184
726,15.354,1.06,459021.408,0.111,1.423,0.742,0.185,4.623,True,0.19170529605163802,0.10772478036080144,0.7663976284656555
727,27.725,1.151,290230.157,0.116,1.014,0.419,0.017,6.708,False,0.39365127704530556,0.46695060856785686,0.43735290418742223
728,16.15,1.09,225238.018,0.095,2.339,1.023,0.14,8.828,True,0.18435250369920722,0.24064163953273407,0.4199155091094829
729,28.704,1.107,560521.205,0.234,2.153,0.389,0.209,7.036,True,0.28767644344965165,0.1946670820746274,0.6164769261578708
730,16.115,1.172,516896.485,0.155,1.357,1.053,0.104,1.172,True,0.23367366421001667,0.18259333136565717,0.6842293394817746
731,21.779,1.12,412363.419,0.247,1.08,1.168,0.321,5.069,True,0.3971349356542133,0.3461127247309324,0.5273736373259293
732,23.34,1.141,347479.015,0.217,2.036,0.498,0.031,1.754,True,0.17010944462133068,0.18576835738642775,0.8047133937234655
733,16.808,1.017,172354.988,0.201,1.679,0.437,0.285,8.48,True,0.16557257581944707,0.14722058118853262,0.6146330549149568
734,21.794,1.195,428506.577,0.215,1.615,0.9,0.282,3.461,True,0.35969361897875474,0.3080666369921722,0.4713350361662558
735,18.865,1.122,663512.413,0.138,2.233,0.518,0.089,4.536,True,0.27124218912237485,0.16798711692935253,0.6135544323080185
736,16.97,1.117,377732.77,0.123,2.087,1.166,0.04,8.345,True,0.3222940403388114,0.4194067781495034,0.4600203926011436
737,17.832,1.159,160744.801,0.052,1.649,0.605,0.161,9.575,True,0.28941567915925226,0.26434601072248953,0.5200850041532903
738,28.849,1.134,221576.447,0.082,2.202,0.769,0.238,9.951,True,0.36297726715293815,0.378588748855089,0.6189494011499295
739,20.16,1.184,663297.559,0.179,1.949,0.354,0.262,5.426,True,0.3916443537628587,0.2458434383101313,0.6296005000406771
740,16.286,1.11,241530.786,0.224,1.581,0.244,0.097,2.854,True,0.14218851139505523,0.1838001332753785,0.9760327608996049
741,19.497,1.049,291133.691,0.167,2.354,1.096,0.14,7.192,True,0.274360564892992,0.18325931061810882,0.6028802948120638
742,29.012,1.119,686224.094,0.205,1.605,0.398,0.265,9.464,True,0.32076588327791666,0.2632290208037758,0.6873748497200937
743,27.651,1.137,481287.892,0.236,2.204,0.748,0.276,2.105,True,0.30004930333999597,0.350667153630058,0.487146809913421
744,27.669,1.135,203021.752,0.243,1.249,0.809,0.116,4.142,True,0.2511320477701301,0.3373733664716505,0.7718897816931118
745,22.232,1.084,598974.802,0.233,1.227,0.401,0.037,1.117,True,0.16038274739483976,0.1801487238816413,0.8461243960212856
746,21.709,1.06,415949.599,0.103,1.063,0.609,0.232,1.79,True,0.17729898693971696,0.12025868187641768,0.618770501214915
747,15.255,1.047,588067.482,0.085,1.472,0.521,0.227,5.799,True,0.26175363955968467,0.22722061745511557,0.6882747664626763
748,25.298,1.118,176625.672,0.121,1.367,0.26,0.31,3.926,True,0.19759750421868905,0.1674540280790498,0.657120174503776
749,25.99,1.187,113721.934,0.092,1.097,0.679,0.055,9.358,False,0.4591629762754121,0.5712854354875884,0.46122169074762154
750,20.541,1.069,338574.969,0.235,1.194,0.95,0.087,9.93,True,0.2648239053148162,0.16003843350302088,0.8614414053234485
751,26.582,1.003,576797.961,0.079,2.121,0.969,0.045,2.76,True,0.43386262786734575,0.4571691124478203,0.5000419358738277
752,28.888,1.189,469939.479,0.2,1.155,0.321,0.116,6.539,True,0.34404307640152515,0.3207802868341929,0.530230720685032
753,24.593,1.074,191148.494,0.06,1.338,0.946,0.239,5.589,True,0.3603638038444499,0.295078172046182,0.4706350269996437
754,28.863,1.199,665441.133,0.199,1.372,1.083,0.071,2.724,True,0.299045208819744,0.35377113476123956,0.7635588286960121
755,18.256,1.139,202245.079,0.228,2.395,1.104,0.302,7.042,True,0.3277886035183177,0.30546816809064786,0.621828857427162
756,15.995,1.018,678695.733,0.204,1.25,0.309,0.109,9.648,True,0.19778765480895652,0.14951612148096163,0.6606763392570644
757,25.748,1.15,226442.405,0.232,1.748,0.907,0.049,5.333,True,0.37215498452257917,0.42821136389194564,0.5444597092659021
758,19.021,1.198,394177.158,0.167,1.595,0.639,0.248,5.281,True,0.30821352962066273,0.3131969587748908,0.47391241781085947
759,27.564,1.049,453850.865,0.129,1.971,0.733,0.321,4.157,True,0.41108153874457476,0.43431925342439476,0.5195593998908294
760,22.432,1.033,260646.433,0.057,1.228,0.471,0.123,7.201,True,0.4503702583958092,0.4791986237697326,0.5942106607423675
761,24.349,1.015,493883.903,0.16,2.292,0.799,0.147,1.028,True,0.19945593872664497,0.17960200009101956,0.6464218688743952
762,27.424,1.033,385650.901,0.221,2.253,0.926,0.313,7.638,True,0.37712522100144796,0.29675487957349955,0.42679115357284886
763,24.479,1.072,571300.85,0.189,1.461,0.447,0.086,6.844,True,0.272325710413975,0.1763550373654852,0.725089959974295
764,24.885,1.158,224477.276,0.183,2.246,0.544,0.156,7.78,True,0.2891681449094957,0.17894769617566628,0.5223662587324202
765,22.654,1.18,490833.32,0.104,1.57,1.018,0.226,7.606,True,0.35368118325606035,0.28080417893493465,0.6053202644661516
766,15.904,1.148,295246.541,0.194,2.331,0.764,0.261,6.339,True,0.25596636888435115,0.19363203422476394,0.5283706138458159
767,22.731,1.196,494700.215,0.166,2.29,0.473,0.034,9.831,True,0.3464936425298738,0.22018308826257152,0.4064310757379492
768,28.393,1.127,621828.487,0.13,1.636,0.697,0.275,4.303,True,0.33477123502358297,0.30331035699954767,0.6141359936133954
769,17.15,1.096,491508.637,0.14,2.337,1.09,0.308,6.987,True,0.2795682431996,0.2496227655351164,0.6222893817016648
770,27.124,1.113,185014.883,0.091,2.043,1.121,0.277,2.985,True,0.2240828281668819,0.2229677200874858,0.6783826279432821
771,27.411,1.124,375716.559,0.118,1.456,0.296,0.309,4.373,True,0.3063844066978872,0.293745679279575,0.6549885769472017
772,15.747,1.065,603382.627,0.156,1.133,0.807,0.073,7.988,True,0.25553480874631723,0.2096116820517597,0.6734110515917852
773,19.937,1.08,296884.53,0.245,1.022,0.42,0.203,3.414,True,0.1567373410959459,0.17727778282319473,0.6383850054586079
774,28.034,1.044,262342.623,0.207,2.2,0.97,0.208,2.015,True,0.2576427385841662,0.2288273573074515,0.5898929734358289
775,20.908,1.189,281193.988,0.207,1.052,0.73,0.315,2.158,True,0.317881137345717,0.32321392240179375,0.6672039122569888
776,20.301,1.177,346865.911,0.162,1.357,0.529,0.229,4.836,True,0.2508953158457486,0.12014082921448571,0.410537489896632
777,23.613,1.186,692746.795,0.118,1.995,0.545,0.181,6.602,True,0.33624805058840346,0.2643698551396049,0.7205574697840537
778,29.112,1.193,285378.026,0.141,2.111,1.028,0.27,5.351,True,0.3916410940174253,0.40328369994532975,0.6216559725979687
779,29.743,1.028,304225.369,0.125,1.214,0.696,0.219,6.729,True,0.3234261357717767,0.2456191129743019,0.6988347731813236
780,27.074,1.015,585573.44,0.136,1.479,1.161,0.012,6.66,False,0.540890349368753,0.5211493087572125,0.5337669430286917
781,21.879,1.062,593890.66,0.182,1.85,0.691,0.142,4.822,True,0.17045299934719266,0.12761071876345495,0.5612145269577288
782,24.692,1.01,637742.574,0.234,1.344,0.69,0.301,5.756,False,0.35668728068790445,0.2765009607225965,0.6832747792506159
783,17.093,1.02,482044.061,0.196,1.584,0.324,0.03,5.165,True,0.24087879196856538,0.2334200781416116,0.7143036084684523
784,26.462,1.007,533215.826,0.059,1.89,1.041,0.06,7.447,False,0.6713153754007621,0.7293830954406832,0.504743139653545
785,29.394,1.058,536455.45,0.144,1.902,1.124,0.172,9.2,True,0.28740761017958977,0.2188220399221279,0.5383403130795771
786,16.872,1.109,243126.383,0.152,1.598,0.882,0.083,6.153,True,0.19333236160666917,0.20141415264879584,0.5495683935884522
787,26.205,1.174,643381.757,0.054,1.444,0.509,0.057,1.36,True,0.34452681241032346,0.32425707346463006,0.5283843290890482
788,17.454,1.124,120144.943,0.161,2.04,0.685,0.011,1.011,True,0.2481990569719035,0.3047658385273376,0.8719386917076762
789,27.993,1.094,460813.621,0.098,1.369,0.787,0.096,7.691,True,0.40765202760089747,0.4573417220801568,0.4506716491890284
790,20.718,1.173,676287.677,0.092,1.749,0.361,0.319,1.681,False,0.27205347094543125,0.25568585266793276,0.8250090259035084
791,21.996,1.174,337098.91,0.138,1.845,0.281,0.229,8.562,True,0.3173613029580072,0.21213270293944528,0.6241128960273669
792,27.893,1.151,440300.57,0.163,1.33,0.831,0.322,4.457,True,0.45017857535278905,0.3686845501701206,0.6001728044342373
793,25.1,1.022,283166.831,0.222,1.863,0.811,0.293,4.868,True,0.41675604381965414,0.392975674058472,0.44650250514918277
794,24.709,1.048,479846.771,0.185,1.244,0.99,0.05,7.904,True,0.3459172231594145,0.2658246856512655,0.483651905272474
795,15.206,1.054,385058.034,0.124,1.631,0.591,0.043,7.425,True,0.28078643138183146,0.3689674925241274,0.4869034027497618
796,23.072,1.109,452259.787,0.233,1.534,0.34,0.055,4.221,True,0.24343996911299426,0.22793125320138902,0.7868603707391391
797,24.995,1.141,672556.039,0.148,1.812,0.517,0.226,5.723,True,0.250537216372081,0.1763154364102057,0.6208598975790838
798,27.213,1.188,466296.25,0.084,1.176,0.984,0.318,1.762,True,0.30518677265613037,0.28460174429370905,0.791882238996052
799,24.306,1.173,455823.007,0.113,0.974,0.35,0.006,8.316,True,0.5719140780466212,0.734780791265666,0.3763609825688388
800,21.7,1.077,547474.896,0.12,1.605,0.61,0.17,7.416,True,0.2316470162314045,0.1913076918161697,0.6637115898148618
801,25.732,1.009,664411.985,0.132,2.168,0.949,0.177,2.229,True,0.32632963600424175,0.21889913580629133,0.49444575083403886
802,23.865,1.085,598232.14,0.22,1.297,0.465,0.191,5.249,True,0.21715817371352175,0.15159991836089876,0.5668560808691397
803,29.24,1.173,617542.008,0.193,0.987,0.434,0.272,7.686,True,0.3184967042516039,0.25561620987154954,0.5507331887884523
804,21.538,1.125,610582.347,0.231,2.208,0.468,0.255,5.296,True,0.3492969708317788,0.2673331161394088,0.36338477226546606
805,24.007,1.106,569205.013,0.157,1.577,0.762,0.016,7.466,True,0.49869723638921504,0.3563841627970876,0.45090510774703124
806,19.012,1.126,164237.317,0.058,1.619,0.86,0.183,3.266,True,0.23424161457879403,0.13891659110411161,0.5858726453697737
807,21.666,1.105,245457.782,0.113,1.848,0.524,0.053,2.35,True,0.1756666078877603,0.13394843584055352,0.6825887747788497
808,18.706,1.149,676826.466,0.211,1.433,1.11,0.22,2.977,True,0.25865159526847165,0.246778500416384,0.5072361128179386
809,19.709,1.031,169322.727,0.176,1.353,0.973,0.324,3.09,True,0.3505291059943713,0.42929095593303346,0.5094897879642879
810,15.456,1.163,306655.589,0.055,2.345,1.028,0.144,6.218,True,0.3475042527161814,0.3503342788549419,0.6681989842413459
811,23.259,1.024,689514.017,0.112,1.159,1.067,0.301,8.29,False,0.2593559604927733,0.3195601784216447,0.8025732434956627
812,22.928,1.151,229954.772,0.162,1.026,0.452,0.221,6.584,True,0.2347219108318511,0.14804520673044386,0.5324350482657433
813,24.111,1.09,532370.164,0.202,1.209,1.042,0.184,5.442,True,0.29554894558908834,0.1970958020641316,0.4854841983788041
814,25.866,1.045,154414.923,0.247,1.651,0.64,0.122,5.434,True,0.22089058381091858,0.16422590222796096,0.6660980255939357
815,15.491,1.11,238803.105,0.146,1.551,0.458,0.105,7.328,True,0.13380098039936475,0.09903884144842841,0.7065133783349237
816,15.032,1.098,540841.752,0.102,1.558,0.718,0.305,6.015,True,0.23803591746997513,0.2541312194297984,0.687241891247749
817,23.755,1.122,505169.344,0.144,2.126,0.761,0.154,6.005,True,0.2545939616769701,0.1545684699596196,0.6082427318264907
818,27.49,1.079,542378.839,0.206,2.299,0.563,0.246,3.293,True,0.29079999888243474,0.34163687582671315,0.3267279409064302
819,24.979,1.135,322887.935,0.063,1.289,0.303,0.187,2.921,True,0.22790193523429442,0.1526922138101931,0.41823413783600083
820,17.202,1.164,573628.562,0.196,1.105,0.801,0.328,5.26,False,0.3508960662569066,0.3227431095674011,0.5887690472172643
821,29.591,1.164,311899.344,0.247,1.681,0.528,0.108,5.092,True,0.31119766269965937,0.32955872780886797,0.6382659060323611
822,20.417,1.166,110736.701,0.144,1.656,0.794,0.331,1.439,True,0.4366824882773044,0.5058620274093377,0.6535434551263266
823,29.899,1.012,137008.706,0.234,1.827,0.273,0.14,3.064,True,0.2457285528421618,0.23816887584432284,0.6709732909231046
824,24.251,1.108,486732.8,0.052,2.261,0.459,0.252,8.187,True,0.43654144769241215,0.46617053344569104,0.6922018187218233
825,24.828,1.11,122843.635,0.241,2.175,1.069,0.175,6.779,True,0.3254345492274122,0.22290679085162973,0.6969972474280425
826,27.948,1.177,201737.106,0.188,1.756,1.092,0.068,4.446,True,0.26343159578841713,0.35252005273228715,0.5793263983798934
827,24.222,1.156,635055.726,0.234,1.162,0.976,0.263,4.556,False,0.3669236497072529,0.27806534716140624,0.5887690472172643
828,22.633,1.114,168183.865,0.119,1.647,1.118,0.197,9.234,True,0.21824089571740246,0.16554101023938908,0.6807693662817944
829,21.721,1.051,330386.068,0.117,1.157,0.386,0.074,7.214,True,0.26295613470131596,0.22393018831623068,0.5975588977967261
830,16.241,1.109,524840.068,0.208,1.361,0.951,0.233,6.205,True,0.21580392579967994,0.17488738812748955,0.48841815825565643
831,18.052,1.104,355620.007,0.245,2.001,0.27,0.091,3.209,True,0.15521282844447962,0.18906819084071666,0.7517464634701574
832,19.894,1.05,162808.827,0.085,2.177,0.416,0.24,2.17,True,0.16956574750903733,0.1026547302038329,0.8049907825599497
833,22.479,1.035,690248.228,0.145,1.427,0.408,0.249,3.898,True,0.25456277399553157,0.1626571121615361,0.6324633713640093
834,22.087,1.137,163168.312,0.051,1.348,0.364,0.319,4.111,True,0.23200322673750834,0.1877162768258612,0.5834067221368099
835,16.605,1.071,268384.464,0.21,2.165,0.343,0.192,9.267,True,0.176320222552545,0.09953102756943026,0.9032801335444207
836,24.951,1.076,487169.869,0.176,1.78,1.146,0.185,6.8,True,0.23150949607854027,0.15996980133141633,0.5592956796317589
837,23.806,1.189,158759.989,0.06,1.893,0.33,0.036,9.71,False,0.583253956116299,0.6144083379113527,0.5195883168815243
838,28.044,1.059,208878.289,0.173,2.304,0.449,0.197,8.998,True,0.22902709034952312,0.1792968289554686,0.6672865135046147
839,19.191,1.134,482640.344,0.089,1.151,0.26,0.218,5.647,True,0.293112555199986,0.1983086895608482,0.5876746505128575
840,22.895,1.085,296135.053,0.193,2.245,0.659,0.185,6.069,True,0.2264871371834781,0.10666697405813044,0.6726860637953669
841,16.182,1.021,490326.639,0.18,1.688,0.629,0.113,7.15,True,0.18837569713323607,0.12583666200861282,0.6100395334329941
842,19.908,1.127,118743.821,0.213,2.396,0.865,0.189,6.048,True,0.23546085252890095,0.13564972074432136,0.6908811238354067
843,28.308,1.007,573106.761,0.08,2.196,0.379,0.249,3.513,True,0.32237629061218565,0.2728158574399998,0.8179305586978287
844,15.564,1.086,288610.191,0.098,1.389,1.016,0.078,7.564,True,0.362266690278289,0.4759044853737611,0.48937664874187675
845,17.544,1.022,574903.083,0.211,2.124,0.965,0.171,1.334,True,0.16549273902543504,0.1906624043861929,0.6331245473990027
846,15.808,1.001,569142.546,0.226,1.874,0.575,0.168,2.127,True,0.16621448199353756,0.17537111829843957,0.6695280561708583
847,28.172,1.194,254517.402,0.08,1.979,0.643,0.082,3.144,True,0.3124911382171063,0.3858128639325227,0.6664916211043442
848,29.288,1.06,680395.031,0.183,1.852,0.738,0.053,3.196,True,0.2366044425196339,0.2783848698075348,0.7293354066106676
849,29.729,1.101,178343.119,0.179,1.009,1.026,0.003,1.201,True,0.20145265921425937,0.249314031487871,0.6854750930988373
850,17.624,1.133,622478.761,0.239,1.883,0.531,0.26,9.589,True,0.27115855950515305,0.18836280477289308,0.8135619533395884
851,20.409,1.196,150435.184,0.163,1.76,0.815,0.028,4.278,True,0.29831400695259774,0.22516190480082632,0.6417577750391696
852,23.646,1.134,647557.886,0.244,2.046,1.005,0.257,4.136,False,0.23310494654487282,0.2020841900207673,0.37331885730929465
853,25.954,1.025,670423.781,0.203,1.02,0.372,0.286,5.752,True,0.3323079818956911,0.2979008731759269,0.44995748979540773
854,16.355,1.096,662186.877,0.077,2.147,0.268,0.023,1.573,True,0.2592380890570251,0.2573287828466801,0.7945528595379087
855,29.345,1.077,201381.339,0.107,2.006,0.921,0.106,1.461,True,0.21828218761289306,0.2057203581268826,0.6729014193671006
856,19.289,1.125,141644.376,0.24,2.007,0.864,0.294,8.434,True,0.2347955490864696,0.21642075769746197,0.4693403088344987
857,20.031,1.063,371606.021,0.226,1.914,0.891,0.213,6.43,True,0.2733323615485741,0.14737186465396163,0.3560071668707175
858,23.468,1.176,211929.127,0.221,1.446,0.702,0.012,8.668,True,0.44265845880689536,0.24361672132575,0.6067348688903407
859,18.558,1.117,110021.28,0.106,1.862,0.623,0.081,8.928,True,0.3071181557390317,0.34239560512026346,0.5627360556403694
860,23.631,1.115,539204.824,0.16,1.809,0.552,0.168,7.475,True,0.24882411261592707,0.15554143787652064,0.6313445936862023
861,29.331,1.034,159319.599,0.186,1.345,0.658,0.255,7.318,True,0.27935411915046937,0.20982758342824456,0.6404175394180561
862,25.979,1.115,307269.958,0.07,1.877,0.394,0.311,8.148,True,0.4241762015680315,0.44506408715162377,0.6480027014852855
863,27.6,1.065,369330.823,0.222,1.031,0.344,0.047,9.062,True,0.3223202942654654,0.21212555625055438,0.7524640206875172
864,20.361,1.026,403408.595,0.242,2.25,0.999,0.007,8.816,True,0.33934557421958794,0.2407150545693283,0.7347198621097955
865,29.55,1.099,639501.251,0.094,2.38,0.597,0.254,2.322,True,0.3638387959631281,0.327393304341864,0.5376460958495386
866,21.546,1.178,139762.664,0.095,1.689,1.01,0.053,5.406,True,0.4442755545095173,0.3280103135737461,0.3874731573508949
867,26.158,1.08,319687.883,0.218,1.872,0.285,0.305,5.541,True,0.3929572520618084,0.387144271196857,0.43025403236139925
868,21.599,1.069,647068.021,0.192,2.189,0.354,0.181,5.82,True,0.21409085992920004,0.13383879692089581,0.47345287333434966
869,24.232,1.071,170998.981,0.099,2.32,1.123,0.03,7.629,True,0.3868895842728578,0.4565561370976802,0.5428979403596373
870,18.945,1.142,555517.576,0.107,1.095,0.416,0.301,4.387,True,0.2661551284902582,0.24356447000186984,0.5264580708165525
871,17.639,1.012,297745.223,0.229,1.079,1.127,0.291,4.68,True,0.31901376392314557,0.36294261907759007,0.5549614461317295
872,29.656,1.135,640952.798,0.137,1.092,0.594,0.138,2.418,True,0.21065007203318514,0.18051481878385595,0.6061210447649085
873,27.882,1.072,378037.08,0.129,1.059,0.919,0.175,5.556,True,0.2720899994267329,0.17406811342190198,0.6342654356060751
874,19.676,1.092,282726.882,0.096,1.946,1.046,0.205,8.338,True,0.3497425025693719,0.33298796115365653,0.575164535252738
875,27.008,1.145,545670.68,0.17,2.288,0.87,0.099,5.118,True,0.3089967110844133,0.32755225763913615,0.5691983789269524
876,27.586,1.023,367550.773,0.204,1.046,1.049,0.071,8.233,True,0.3487615183698321,0.3583589493082086,0.6457201152309184
877,20.123,1.175,583902.614,0.249,1.386,1.143,0.297,7.292,True,0.35085131719581053,0.4125076456996471,0.50431288297964
878,24.258,1.08,288178.753,0.189,1.378,0.741,0.085,1.519,True,0.189886576689347,0.197736444746504,0.669974283907716
879,16.445,1.165,650407.704,0.094,1.953,0.63,0.288,1.223,True,0.26677849682907256,0.20011244236899808,0.4414737583746046
880,17.532,1.142,453026.451,0.08,1.87,0.727,0.108,7.697,True,0.36313566912739803,0.38696467361253273,0.4453281256534509
881,20.21,1.171,180364.825,0.192,2.325,0.484,0.233,1.384,True,0.2234809801755521,0.2577426799888158,0.37185769354989157
882,28.663,1.105,172710.07,0.237,0.961,0.535,0.029,7.26,True,0.24715008570981858,0.24877869147088255,0.6945015107660781
883,15.98,1.054,169915.121,0.061,1.523,0.868,0.209,2.811,True,0.16409457550619513,0.14256700743168793,0.5584857474665987
884,16.334,1.197,160195.288,0.088,1.23,0.3,0.259,9.77,True,0.32621135219340236,0.32299103237523746,0.6370998950948079
885,19.167,1.098,380056.31,0.218,1.662,0.316,0.195,9.44,True,0.19754411214551035,0.10107359096351355,0.7441937707644534
886,24.183,1.144,130892.167,0.245,2.269,0.967,0.307,2.783,True,0.3257350251628782,0.34849356109432406,0.6621653715900843
887,15.886,1.101,377057.183,0.098,1.336,0.274,0.136,5.702,True,0.22441807827183663,0.16921322775768288,0.6041005340253256
888,17.127,1.062,128133.697,0.127,2.026,0.366,0.193,9.154,True,0.1952057847827802,0.16286813912845122,0.8066058702082113
889,26.239,1.161,563021.92,0.222,2.039,0.451,0.256,4.94,True,0.3310992901672987,0.24534117391794344,0.37564351075103697
890,22.468,1.179,397972.067,0.083,1.758,0.929,0.272,2.392,True,0.2786147980536645,0.1523380198870337,0.7406726006481075
891,23.064,1.167,323968.572,0.081,1.788,0.248,0.144,3.151,True,0.2602037857907054,0.14779697464145403,0.3227592449167155
892,21.563,1.043,404611.282,0.086,1.713,0.653,0.057,3.276,True,0.352167857787798,0.2440120935402951,0.5686190877218893
893,21.124,1.12,496343.781,0.172,1.153,0.261,0.293,2.612,True,0.18019097799316858,0.15583196963631374,0.715602332407952
894,23.34,1.023,105921.566,0.146,1.493,0.567,0.07,4.652,True,0.2588875841600611,0.16576264649741032,0.570431392238976
895,15.179,1.053,246214.401,0.147,1.54,0.881,0.103,7.833,True,0.15056764954063018,0.13294011221965002,0.5349986791459768
896,18.968,1.168,331196.46,0.092,1.294,0.626,0.322,8.866,True,0.5432217003020758,0.5675100265915376,0.2007182197397806
897,17.795,1.068,438763.611,0.146,2.386,0.312,0.315,8.914,True,0.2259584641214746,0.24188634584374577,0.9481062219135816
898,19.76,1.178,641266.884,0.216,2.108,0.971,0.264,4.334,False,0.32993154597865393,0.3808720893004628,0.33235950350416477
899,28.09,1.132,447925.25,0.082,2.328,0.756,0.118,4.693,True,0.3398815428325148,0.3117302809690142,0.5082230611768297
900,29.419,1.184,461526.77,0.155,1.818,0.705,0.037,6.67,True,0.39808381329745457,0.40906678795304857,0.47126471965842964
901,17.144,1.144,462762.3,0.087,0.984,0.79,0.176,4.9,True,0.1926774668938555,0.11117303143675357,0.4941198170194038
902,19.448,1.064,472218.072,0.078,2.274,1.145,0.203,8.276,True,0.35521178614598803,0.3276003011574926,0.5448028405433187
903,22.586,1.016,548451.485,0.246,1.808,1.071,0.089,3.637,True,0.22260600672204744,0.252900064971753,0.674581341927827
904,23.106,1.043,354681.773,0.155,1.83,0.888,0.075,4.011,True,0.25102536837298456,0.15089291449831965,0.42343050510253344
905,25.809,1.106,514392.77,0.068,1.256,0.526,0.112,9.977,True,0.4605426434851721,0.4368161295334044,0.4672838420037302
906,16.758,1.154,206967.997,0.078,1.232,1.14,0.313,4.03,True,0.28070531681822947,0.24798461891698761,0.7153052969310437
907,20.473,1.108,314931.882,0.093,1.796,0.516,0.041,6.621,True,0.5046190932398296,0.4356521549504685,0.4403559637698168
908,29.358,1.073,159920.077,0.231,1.593,0.937,0.073,3.619,True,0.24722853353650487,0.2909731973607218,0.489938010898308
909,15.117,1.094,153463.056,0.199,0.993,0.829,0.139,8.968,True,0.13956115222305027,0.09350995919692723,0.7805188828910157
910,20.734,1.081,430229.108,0.13,1.008,1.174,0.217,4.705,True,0.19874959588911942,0.13332915164862774,0.7422149477392019
911,26.024,1.187,199354.038,0.223,2.173,0.718,0.137,6.062,True,0.2788035815898377,0.22160175491550835,0.6854152094144557
912,21.835,1.008,688652.277,0.056,1.415,0.722,0.184,7.495,True,0.42984588432868814,0.4501569183011554,0.6214552306971264
913,27.396,1.087,283678.61,0.065,1.417,0.651,0.065,9.816,False,0.5850716559703524,0.6385056389883377,0.4587755829304706
914,26.865,1.161,294775.325,0.203,1.586,0.409,0.068,4.688,True,0.34374619249466315,0.3113962581199385,0.6537124450865092
915,23.71,1.141,504375.346,0.177,1.062,0.284,0.02,5.203,True,0.24532519935004996,0.20555548997557593,0.5864493147111054
916,27.091,1.045,248191.835,0.237,1.654,0.81,0.134,5.496,True,0.202120582652427,0.16005386129584637,0.5919038284434455
917,24.765,1.12,405956.763,0.161,1.495,0.674,0.121,5.959,True,0.2644225032245472,0.16986991202822294,0.6016663133373517
918,15.953,1.085,280120.876,0.154,1.342,1.108,0.188,1.15,True,0.12817550030031338,0.106777862914555,0.7785679735938666
919,28.289,1.189,483250.916,0.071,1.119,0.927,0.006,3.857,False,0.4943530955975412,0.4080529316977519,0.502789736790003
920,20.649,1.136,609404.251,0.121,1.89,0.931,0.099,5.358,True,0.2650345557557854,0.1583733311805703,0.470528424185423
921,28.433,1.164,155453.291,0.158,1.652,1.113,0.104,9.17,True,0.2682121717222031,0.27308996769979343,0.5216132248404733
922,20.11,1.167,527154.959,0.062,1.125,0.391,0.013,6.64,False,0.5892783085150829,0.48592917652991346,0.5411136347067327
923,16.368,1.124,407632.471,0.087,2.024,0.613,0.291,9.85,True,0.27707060073548256,0.32750568560479737,0.5829295004658808
924,23.243,1.037,100081.271,0.114,2.358,0.996,0.293,6.446,False,0.28514231102568255,0.2519757923939008,0.7805668795329814
925,15.853,1.017,680910.579,0.218,2.348,0.453,0.027,9.129,True,0.26621014799751985,0.21807828899348697,0.5037473610290735
926,27.965,1.005,191619.195,0.195,2.309,0.392,0.042,5.225,True,0.332903224240504,0.3478104607856626,0.6749217633731773
927,15.32,1.02,674271.843,0.061,1.024,0.376,0.244,8.621,True,0.21741294462287175,0.23940245553028633,0.5779518046554769
928,15.078,1.101,225819.527,0.22,1.29,1.086,0.171,3.546,True,0.12181444945242781,0.15419550360075918,0.7164512962663565
929,29.183,1.03,259569.536,0.079,2.259,0.313,0.114,9.077,True,0.39542965538191127,0.4606354410316698,0.5434940917135245
930,15.126,1.102,232047.014,0.23,2.272,0.856,0.198,4.193,True,0.17605539218818653,0.18219040554198312,0.6878161814856777
931,19.065,1.02,556835.81,0.206,1.697,0.636,0.08,9.62,True,0.2437390850444682,0.14074092189197315,0.5118986002934705
932,29.834,1.039,607871.881,0.142,1.591,0.478,0.017,3.829,True,0.39304616459966846,0.40924328220298667,0.711184276437244
933,15.637,1.073,630184.158,0.103,2.181,0.433,0.193,4.778,True,0.18065978239515904,0.11194400167592967,0.6102237734457044
934,22.151,1.06,625985.973,0.138,2.096,0.548,0.298,8.047,True,0.264839224435005,0.23270557991069246,0.7569630003540446
935,27.386,1.022,499081.712,0.145,2.335,0.452,0.232,7.486,True,0.27165453675144036,0.2178559478683533,0.7584213132896279
936,25.758,1.028,582037.213,0.065,1.37,0.691,0.224,1.157,True,0.19670823016292718,0.19939726638830246,0.6194712589373806
937,23.779,1.072,239381.002,0.24,0.978,0.788,0.295,1.804,True,0.2429442715762103,0.3176177613140368,0.5358919143246114
938,20.955,1.188,553285.996,0.111,2.103,1.037,0.315,1.523,True,0.40083729558518116,0.33349434677875733,0.45813706610795346
939,18.607,1.128,562419.544,0.081,2.048,0.958,0.013,7.829,False,0.6271071088728044,0.717933315517563,0.6213480451374145
940,23.027,1.068,313821.579,0.128,2.334,0.317,0.176,8.026,True,0.2225472922021313,0.19284687169576115,0.60882373054844
941,22.8,1.054,557224.175,0.118,2.11,0.735,0.138,4.608,True,0.24405006768293722,0.14132566821274378,0.6342460754151847
942,15.249,1.071,183714.304,0.232,1.084,0.646,0.19,7.182,True,0.17115742593034428,0.11231048107531164,0.5681772519383654
943,20.972,1.07,188202.211,0.131,1.11,0.358,0.308,8.499,True,0.2627465579740709,0.2623514420509065,0.649750897663424
944,18.135,1.017,384909.463,0.142,1.262,0.839,0.001,3.501,True,0.2936155476658386,0.2841870627421376,0.6309167167723664
945,29.376,1.192,374667.535,0.108,2.045,0.819,0.195,8.747,True,0.3613912061343233,0.3381755303658849,0.6160001259818205
946,20.777,1.035,238243.033,0.087,1.067,0.755,0.269,9.016,True,0.2703422132256347,0.3008113108305646,0.623546240230317
947,21.631,1.188,519812.115,0.099,1.507,1.003,0.064,5.835,True,0.4357972406905881,0.3487827607124292,0.4689841402452573
948,21.847,1.165,486249.235,0.17,1.974,0.56,0.28,7.948,True,0.29467824143226834,0.1795196844968772,0.571577162993117
949,20.576,1.102,316811.79,0.129,2.252,0.476,0.174,4.723,True,0.2302941138644949,0.13667867152227262,0.6359422641399965
950,19.951,1.156,287030.754,0.181,2.353,0.335,0.323,1.293,False,0.38650605561481377,0.44182431480372725,0.4611694483713229
951,16.63,1.184,602050.444,0.22,1.332,0.515,0.225,8.145,True,0.27143718952217816,0.23753365205907975,0.5836068296435273
952,17.736,1.062,534460.966,0.145,2.347,0.839,0.298,3.721,True,0.21650493620639308,0.22148443822215558,0.6906108576907158
953,16.919,1.043,327567.453,0.153,1.518,0.587,0.301,5.036,True,0.20474351985853073,0.17924074444982777,0.5417375854777066
954,19.783,1.011,485794.801,0.124,1.284,1.2,0.138,7.95,True,0.29412808047578565,0.24446792610291032,0.511791689719601
955,22.949,1.101,344170.58,0.113,2.378,1.177,0.289,8.225,True,0.3056742187746469,0.2240693628539129,0.5862766698769739
956,22.517,1.139,253092.054,0.202,1.854,0.435,0.234,1.287,True,0.18226559382823967,0.21077263387121403,0.5025589718338986
957,24.559,1.15,434272.555,0.108,1.725,0.325,0.256,8.526,True,0.3267309640807787,0.3575965205041523,0.5580365587669665
958,15.581,1.159,451758.304,0.222,2.344,1.192,0.262,8.106,True,0.23175903150691549,0.21236788720335642,0.559591940328829
959,24.54,1.171,693706.024,0.067,2.288,0.981,0.127,5.991,True,0.4419605455859006,0.41503779308090344,0.5932827534417218
960,28.975,1.175,390757.371,0.235,0.993,0.778,0.251,1.36,True,0.23666322566254083,0.29592480594617016,0.6780717337508918
961,23.888,1.029,464309.197,0.177,1.934,0.852,0.304,4.037,True,0.3025613009119511,0.2984041547073697,0.4542519999956128
962,24.17,1.051,199771.366,0.2,1.646,0.491,0.263,2.213,True,0.22261539828116161,0.3004668085993319,0.5349928365789935
963,21.427,1.195,275532.061,0.148,1.597,0.446,0.129,8.956,True,0.24124899933631452,0.12534422151145164,0.4899660111657696
964,28.637,1.083,558129.424,0.138,2.191,0.711,0.288,3.766,True,0.3288389720918078,0.3114901639378276,0.33127760078612756
965,20.434,1.067,195208.999,0.121,2.043,1.165,0.161,4.002,True,0.22848327972044996,0.14461918651743091,0.627764538662944
966,19.878,1.029,471419.641,0.217,1.509,0.539,0.239,2.437,True,0.17928156078337998,0.18784359249948793,0.49736483878718246
967,24.51,1.129,131481.181,0.102,1.701,1.137,0.256,9.58,True,0.28464875616016727,0.31705408502086974,0.6524791267840739
968,22.761,1.116,616686.413,0.06,2.357,0.652,0.328,8.093,True,0.3842285377609794,0.37394739346684785,0.8639528655836219
969,17.959,1.183,541911.288,0.127,2.364,0.469,0.283,6.163,True,0.22515752188866545,0.22370060545531126,0.7569904693198594
970,23.724,1.036,608659.575,0.057,1.608,1.045,0.216,8.597,True,0.492508046194401,0.44405902000083153,0.5125629689528975
971,24.138,1.044,468714.71,0.125,1.403,0.911,0.097,6.674,True,0.3177109036190105,0.21325358731622307,0.48613721521942554
972,18.23,1.016,398330.843,0.201,2.277,0.579,0.046,8.166,True,0.25541786113476794,0.15059546365189713,0.6448121044125518
973,27.831,1.032,442015.465,0.095,1.2,0.686,0.24,7.718,True,0.4029336966361837,0.4122311983823384,0.6820095351461166
974,25.627,1.135,448162.042,0.151,2.09,0.511,0.278,8.123,True,0.3115576219099597,0.23228914312792928,0.6195499525921959
975,21.466,1.188,364897.853,0.159,2.049,0.736,0.014,9.489,False,0.34629226026569904,0.18367798372213442,0.43755564357143595
976,23.848,1.182,539106.534,0.134,1.898,0.753,0.028,5.667,True,0.42657538107780857,0.3248935850219253,0.5019788030255239
977,28.352,1.011,392868.936,0.208,1.788,0.722,0.297,7.512,True,0.30534828334136016,0.23913262623926987,0.6149409923834128
978,19.82,1.105,316536.46,0.175,2.299,1.166,0.066,1.854,True,0.19556901386546838,0.17506254607898675,0.797327684457964
979,22.85,1.121,602793.88,0.11,2.306,0.6,0.308,8.26,True,0.3537072049150651,0.34219101601723084,0.8115026237580347
980,16.796,1.064,632310.315,0.215,1.487,0.833,0.198,1.255,True,0.1375680889068291,0.17695148060791815,0.6626804377686684
981,28.784,1.064,344457.195,0.165,1.625,0.565,0.204,4.578,True,0.2597257777672732,0.17023505462511232,0.5915535322030459
982,28.514,1.159,258851.747,0.15,1.191,0.436,0.076,1.046,True,0.2324300940613449,0.27190631537099824,0.6924167189735552
983,24.962,1.131,249286.089,0.141,1.622,0.948,0.332,8.687,True,0.4324747800681724,0.41717842401238736,0.5402869198764628
984,25.518,1.196,106136.969,0.062,1.726,0.483,0.232,1.244,True,0.22400201216487595,0.17277083982162983,0.7212871782698324
985,19.751,1.095,509049.444,0.187,1.146,0.909,0.15,3.009,True,0.19139302036964037,0.13662272654995028,0.6566353116932702
986,21.904,1.173,272821.702,0.13,1.03,0.709,0.11,1.215,True,0.22295852596717453,0.14693326006584165,0.7874701079090802
987,25.829,1.153,551733.573,0.17,2.31,0.427,0.33,8.128,True,0.4431240234785478,0.3771766660836633,0.5942949911352178
988,22.971,1.082,527497.12,0.088,2.105,0.505,0.21,4.088,True,0.1924522181975627,0.12120952900252013,0.6805386179345568
989,25.192,1.17,523374.126,0.121,2.209,1.13,0.288,6.402,True,0.3430765000187083,0.2824687834395952,0.6194219229639363
990,26.794,1.058,450145.07,0.096,1.696,0.298,0.243,8.081,True,0.3572194195038258,0.3731185292345281,0.7634567843340325
991,25.019,1.002,210114.835,0.141,1.767,0.673,0.195,6.196,True,0.32633221454507627,0.21608885913006282,0.6250482312309179
992,18.83,1.061,619052.398,0.245,1.907,0.541,0.148,1.512,True,0.18739779411371849,0.19092408950940573,0.534729417213889
993,16.528,1.068,589218.978,0.122,1.161,0.308,0.277,1.835,True,0.1404706432051458,0.1001620366471457,0.7640804860272048
994,20.701,1.05,298224.154,0.203,1.561,0.336,0.101,9.535,True,0.20843044707867192,0.11209134007399621,0.7935701394292454
995,20.254,1.117,223226.135,0.124,0.967,0.269,0.1,5.505,True,0.16645263898762408,0.12054169782109868,0.6300708878194272
996,25.117,1.173,497867.636,0.148,1.663,0.744,0.026,9.751,False,0.39780564182159106,0.40579669590612183,0.43755564357143595
997,26.399,1.04,181232.126,0.174,1.426,0.737,0.273,2.886,True,0.13991586179083795,0.17569063829248893,0.3798788898648112
998,17.807,1.143,332087.111,0.101,1.67,0.701,0.212,7.854,True,0.27116207451018765,0.2945387939747458,0.5098119883364776
999,16.928,1.185,445941.247,0.057,1.434,1.16,0.06,7.455,False,0.5060863693276275,0.5458024858549183,0.6279012961344584
1000,21.918,1.045,577946.274,0.176,1.924,1.007,0.129,6.97,True,0.2619141509934758,0.12827070952558395,0.5994848805719997
